state_code,settlement_name,year,settlement_type,population,density,classification_source
AP,AP_SETTLEMENT_0,2005,New Urbanising Settlement,3096879,5303.76,DEGURBA
AP,AP_SETTLEMENT_1,2005,Urban Centre,2928728,4482.14,DEGURBA
AP,AP_SETTLEMENT_2,2005,Urban Centre,2971403,15169.13,DEGURBA
AP,AP_SETTLEMENT_3,2005,Urban Cluster,3304280,5855.85,DEGURBA
AP,AP_SETTLEMENT_4,2005,Urban Centre,1625295,15226.9,DEGURBA
AP,AP_SETTLEMENT_5,2005,Urban Centre,1079013,7525.34,DEGURBA
AP,AP_SETTLEMENT_6,2005,Urban Cluster,28119,5307.92,DEGURBA
AP,AP_SETTLEMENT_7,2005,New Urbanising Settlement,6103147,17758.1,DEGURBA
AP,AP_SETTLEMENT_8,2005,New Urbanising Settlement,481113,11306.36,DEGURBA
AP,AP_SETTLEMENT_9,2005,Urban Centre,2130786,10302.49,DEGURBA
AP,AP_SETTLEMENT_10,2005,Urban Cluster,6801797,11889.99,DEGURBA
AP,AP_SETTLEMENT_11,2005,Rural,7943996,19463.46,DEGURBA
AP,AP_SETTLEMENT_0,2006,New Urbanising Settlement,1655024,18545.33,DEGURBA
AP,AP_SETTLEMENT_1,2006,Rural,7648064,5101.66,DEGURBA
AP,AP_SETTLEMENT_2,2006,Urban Cluster,6668240,15438.4,DEGURBA
AP,AP_SETTLEMENT_3,2006,Urban Cluster,1973062,16841.75,DEGURBA
AP,AP_SETTLEMENT_4,2006,Rural,5857658,13422.34,DEGURBA
AP,AP_SETTLEMENT_5,2006,Rural,7491482,14063.16,DEGURBA
AP,AP_SETTLEMENT_6,2006,New Urbanising Settlement,3351615,7860.79,DEGURBA
AP,AP_SETTLEMENT_7,2006,Rural,5255192,17968.66,DEGURBA
AP,AP_SETTLEMENT_8,2006,Urban Cluster,222522,18908.8,DEGURBA
AP,AP_SETTLEMENT_9,2006,Urban Centre,5436177,7111.83,DEGURBA
AP,AP_SETTLEMENT_10,2006,New Urbanising Settlement,3871692,2707.07,DEGURBA
AP,AP_SETTLEMENT_11,2006,New Urbanising Settlement,4838699,18383.69,DEGURBA
AP,AP_SETTLEMENT_0,2007,Urban Cluster,233552,18658.9,DEGURBA
AP,AP_SETTLEMENT_1,2007,Rural,756247,6523.81,DEGURBA
AP,AP_SETTLEMENT_2,2007,Urban Cluster,3924668,1730.41,DEGURBA
AP,AP_SETTLEMENT_3,2007,Urban Centre,6125502,2065.6,DEGURBA
AP,AP_SETTLEMENT_4,2007,Rural,1835439,17528.71,DEGURBA
AP,AP_SETTLEMENT_5,2007,Urban Cluster,4268049,11325.58,DEGURBA
AP,AP_SETTLEMENT_6,2007,Rural,7241259,9286.55,DEGURBA
AP,AP_SETTLEMENT_7,2007,Rural,492843,6063.86,DEGURBA
AP,AP_SETTLEMENT_8,2007,Urban Centre,2698727,8517.24,DEGURBA
AP,AP_SETTLEMENT_9,2007,Urban Centre,19425,9888.75,DEGURBA
AP,AP_SETTLEMENT_10,2007,Rural,5844485,2155.31,DEGURBA
AP,AP_SETTLEMENT_11,2007,Rural,1396819,3241.9,DEGURBA
AP,AP_SETTLEMENT_0,2008,Urban Cluster,5149160,14535.11,DEGURBA
AP,AP_SETTLEMENT_1,2008,Urban Centre,6464991,9470.88,DEGURBA
AP,AP_SETTLEMENT_2,2008,Urban Centre,3738643,15380.62,DEGURBA
AP,AP_SETTLEMENT_3,2008,Rural,2604422,16302.59,DEGURBA
AP,AP_SETTLEMENT_4,2008,New Urbanising Settlement,3070969,9268.69,DEGURBA
AP,AP_SETTLEMENT_5,2008,Urban Cluster,7943738,18534.95,DEGURBA
AP,AP_SETTLEMENT_6,2008,Urban Centre,7285637,1220.79,DEGURBA
AP,AP_SETTLEMENT_7,2008,Rural,5837603,5687.78,DEGURBA
AP,AP_SETTLEMENT_8,2008,New Urbanising Settlement,7735834,7898.14,DEGURBA
AP,AP_SETTLEMENT_9,2008,Rural,1199341,1792.78,DEGURBA
AP,AP_SETTLEMENT_10,2008,Rural,7216411,5147.89,DEGURBA
AP,AP_SETTLEMENT_11,2008,Urban Centre,495167,14089.66,DEGURBA
AP,AP_SETTLEMENT_0,2009,New Urbanising Settlement,1725442,8941.83,DEGURBA
AP,AP_SETTLEMENT_1,2009,Rural,2461525,10531.95,DEGURBA
AP,AP_SETTLEMENT_2,2009,Urban Centre,4638682,10451.27,DEGURBA
AP,AP_SETTLEMENT_3,2009,Urban Cluster,2870264,234.15,DEGURBA
AP,AP_SETTLEMENT_4,2009,Urban Cluster,3015551,2210.82,DEGURBA
AP,AP_SETTLEMENT_5,2009,Urban Centre,1661094,4257.34,DEGURBA
AP,AP_SETTLEMENT_6,2009,Urban Cluster,1048637,18586.41,DEGURBA
AP,AP_SETTLEMENT_7,2009,Rural,2979633,18793.81,DEGURBA
AP,AP_SETTLEMENT_8,2009,Urban Cluster,7304258,10293.58,DEGURBA
AP,AP_SETTLEMENT_9,2009,Urban Centre,5577262,16162.95,DEGURBA
AP,AP_SETTLEMENT_10,2009,Rural,1469011,17055.52,DEGURBA
AP,AP_SETTLEMENT_11,2009,New Urbanising Settlement,1040592,15221.74,DEGURBA
AP,AP_SETTLEMENT_0,2010,Rural,5161035,996.85,DEGURBA
AP,AP_SETTLEMENT_1,2010,Rural,6707141,8622.03,DEGURBA
AP,AP_SETTLEMENT_2,2010,Urban Centre,6822707,2125.63,DEGURBA
AP,AP_SETTLEMENT_3,2010,Rural,7874497,9703.66,DEGURBA
AP,AP_SETTLEMENT_4,2010,New Urbanising Settlement,898643,16379.12,DEGURBA
AP,AP_SETTLEMENT_5,2010,New Urbanising Settlement,4192635,16031.98,DEGURBA
AP,AP_SETTLEMENT_6,2010,Urban Cluster,5486793,16670.94,DEGURBA
AP,AP_SETTLEMENT_7,2010,Urban Centre,855262,18046.2,DEGURBA
AP,AP_SETTLEMENT_8,2010,Urban Cluster,4994347,14432.52,DEGURBA
AP,AP_SETTLEMENT_9,2010,Rural,1912030,3492.23,DEGURBA
AP,AP_SETTLEMENT_10,2010,Rural,1011298,7300.74,DEGURBA
AP,AP_SETTLEMENT_11,2010,Urban Centre,7345447,753.84,DEGURBA
AP,AP_SETTLEMENT_0,2011,New Urbanising Settlement,2053149,15454.67,DEGURBA
AP,AP_SETTLEMENT_1,2011,New Urbanising Settlement,3118798,14035.34,DEGURBA
AP,AP_SETTLEMENT_2,2011,New Urbanising Settlement,3275518,10223.54,DEGURBA
AP,AP_SETTLEMENT_3,2011,Rural,3166663,14904.11,DEGURBA
AP,AP_SETTLEMENT_4,2011,Urban Cluster,2627760,4784.04,DEGURBA
AP,AP_SETTLEMENT_5,2011,New Urbanising Settlement,7645178,748.26,DEGURBA
AP,AP_SETTLEMENT_6,2011,Urban Centre,6840884,11492.58,DEGURBA
AP,AP_SETTLEMENT_7,2011,Urban Cluster,7902687,10850.24,DEGURBA
AP,AP_SETTLEMENT_8,2011,Rural,2051416,19563.93,DEGURBA
AP,AP_SETTLEMENT_9,2011,Urban Centre,4683635,16661.54,DEGURBA
AP,AP_SETTLEMENT_10,2011,Rural,3972925,4871.22,DEGURBA
AP,AP_SETTLEMENT_11,2011,Rural,2943265,3815.51,DEGURBA
AP,AP_SETTLEMENT_0,2012,New Urbanising Settlement,68474,4656.81,DEGURBA
AP,AP_SETTLEMENT_1,2012,Urban Centre,2476492,13975.76,DEGURBA
AP,AP_SETTLEMENT_2,2012,Urban Cluster,7354561,1050.14,DEGURBA
AP,AP_SETTLEMENT_3,2012,Rural,5817085,2619.79,DEGURBA
AP,AP_SETTLEMENT_4,2012,Urban Cluster,7041687,8792.72,DEGURBA
AP,AP_SETTLEMENT_5,2012,Urban Centre,5250868,17878.05,DEGURBA
AP,AP_SETTLEMENT_6,2012,Rural,7003983,12807.07,DEGURBA
AP,AP_SETTLEMENT_7,2012,Rural,1806952,13633.68,DEGURBA
AP,AP_SETTLEMENT_8,2012,Urban Centre,2658668,11362.81,DEGURBA
AP,AP_SETTLEMENT_9,2012,Urban Cluster,2288997,14537.13,DEGURBA
AP,AP_SETTLEMENT_10,2012,Rural,2231954,13869.48,DEGURBA
AP,AP_SETTLEMENT_11,2012,Rural,62955,14336.05,DEGURBA
AP,AP_SETTLEMENT_0,2013,Urban Cluster,7332511,7682.14,DEGURBA
AP,AP_SETTLEMENT_1,2013,New Urbanising Settlement,2791989,19180.45,DEGURBA
AP,AP_SETTLEMENT_2,2013,Urban Centre,1462315,16855.64,DEGURBA
AP,AP_SETTLEMENT_3,2013,Urban Cluster,922629,2641.07,DEGURBA
AP,AP_SETTLEMENT_4,2013,Urban Centre,2118527,6620.15,DEGURBA
AP,AP_SETTLEMENT_5,2013,Rural,276326,10871.45,DEGURBA
AP,AP_SETTLEMENT_6,2013,Urban Cluster,6122460,14861.2,DEGURBA
AP,AP_SETTLEMENT_7,2013,Rural,1197568,17788.55,DEGURBA
AP,AP_SETTLEMENT_8,2013,Rural,2760077,15751.34,DEGURBA
AP,AP_SETTLEMENT_9,2013,Urban Cluster,5449512,943.94,DEGURBA
AP,AP_SETTLEMENT_10,2013,New Urbanising Settlement,2562145,17989.22,DEGURBA
AP,AP_SETTLEMENT_11,2013,New Urbanising Settlement,5360923,19655.33,DEGURBA
AP,AP_SETTLEMENT_0,2014,Rural,7391578,14254.63,DEGURBA
AP,AP_SETTLEMENT_1,2014,New Urbanising Settlement,4679569,3176.85,DEGURBA
AP,AP_SETTLEMENT_2,2014,Urban Cluster,136235,3889.4,DEGURBA
AP,AP_SETTLEMENT_3,2014,New Urbanising Settlement,4443671,2756.11,DEGURBA
AP,AP_SETTLEMENT_4,2014,Rural,6326326,5579.55,DEGURBA
AP,AP_SETTLEMENT_5,2014,Rural,4099290,2067.39,DEGURBA
AP,AP_SETTLEMENT_6,2014,Urban Centre,6754602,19668.5,DEGURBA
AP,AP_SETTLEMENT_7,2014,New Urbanising Settlement,1514579,17553.3,DEGURBA
AP,AP_SETTLEMENT_8,2014,Urban Cluster,5239514,19050.76,DEGURBA
AP,AP_SETTLEMENT_9,2014,Rural,1103160,13260.02,DEGURBA
AP,AP_SETTLEMENT_10,2014,New Urbanising Settlement,4268657,1697.76,DEGURBA
AP,AP_SETTLEMENT_11,2014,Urban Centre,685050,19787.27,DEGURBA
AP,AP_SETTLEMENT_0,2015,Rural,7726182,19249.09,DEGURBA
AP,AP_SETTLEMENT_1,2015,Rural,7562791,17522.66,DEGURBA
AP,AP_SETTLEMENT_2,2015,New Urbanising Settlement,2972658,15257.94,DEGURBA
AP,AP_SETTLEMENT_3,2015,Rural,7993901,18499.91,DEGURBA
AP,AP_SETTLEMENT_4,2015,New Urbanising Settlement,7360884,16908.92,DEGURBA
AP,AP_SETTLEMENT_5,2015,Rural,6269250,6230.68,DEGURBA
AP,AP_SETTLEMENT_6,2015,Urban Centre,3537645,18725.97,DEGURBA
AP,AP_SETTLEMENT_7,2015,Rural,1980975,6103.23,DEGURBA
AP,AP_SETTLEMENT_8,2015,Rural,2099889,16624.56,DEGURBA
AP,AP_SETTLEMENT_9,2015,Urban Centre,4489486,16327.26,DEGURBA
AP,AP_SETTLEMENT_10,2015,Urban Centre,3426085,7447.1,DEGURBA
AP,AP_SETTLEMENT_11,2015,Urban Cluster,556719,369.38,DEGURBA
AP,AP_SETTLEMENT_0,2016,New Urbanising Settlement,1936823,1931.17,DEGURBA
AP,AP_SETTLEMENT_1,2016,Rural,729568,2310.63,DEGURBA
AP,AP_SETTLEMENT_2,2016,New Urbanising Settlement,4006175,12191.37,DEGURBA
AP,AP_SETTLEMENT_3,2016,New Urbanising Settlement,1516718,1230.64,DEGURBA
AP,AP_SETTLEMENT_4,2016,New Urbanising Settlement,3953240,8710.39,DEGURBA
AP,AP_SETTLEMENT_5,2016,Urban Centre,7392393,15825.05,DEGURBA
AP,AP_SETTLEMENT_6,2016,Urban Cluster,1775826,774.97,DEGURBA
AP,AP_SETTLEMENT_7,2016,Urban Cluster,4084399,12330.84,DEGURBA
AP,AP_SETTLEMENT_8,2016,New Urbanising Settlement,1610869,8868.43,DEGURBA
AP,AP_SETTLEMENT_9,2016,New Urbanising Settlement,6947462,16036.62,DEGURBA
AP,AP_SETTLEMENT_10,2016,New Urbanising Settlement,2111908,4650.25,DEGURBA
AP,AP_SETTLEMENT_11,2016,New Urbanising Settlement,5837692,12639.93,DEGURBA
AP,AP_SETTLEMENT_0,2017,Urban Centre,3325108,12493.31,DEGURBA
AP,AP_SETTLEMENT_1,2017,Urban Cluster,4721274,4106.31,DEGURBA
AP,AP_SETTLEMENT_2,2017,Urban Centre,2824672,10859.12,DEGURBA
AP,AP_SETTLEMENT_3,2017,Urban Centre,2961649,2169.34,DEGURBA
AP,AP_SETTLEMENT_4,2017,Urban Centre,6834398,15433.71,DEGURBA
AP,AP_SETTLEMENT_5,2017,New Urbanising Settlement,4343748,994.76,DEGURBA
AP,AP_SETTLEMENT_6,2017,New Urbanising Settlement,3611743,1947.91,DEGURBA
AP,AP_SETTLEMENT_7,2017,New Urbanising Settlement,2561481,17966.47,DEGURBA
AP,AP_SETTLEMENT_8,2017,New Urbanising Settlement,7541038,17201.26,DEGURBA
AP,AP_SETTLEMENT_9,2017,Urban Cluster,145017,3583.92,DEGURBA
AP,AP_SETTLEMENT_10,2017,Rural,3000742,7254.67,DEGURBA
AP,AP_SETTLEMENT_11,2017,Rural,2039328,16114.46,DEGURBA
AP,AP_SETTLEMENT_0,2018,Rural,2606740,5123.64,DEGURBA
AP,AP_SETTLEMENT_1,2018,New Urbanising Settlement,4561285,9284.04,DEGURBA
AP,AP_SETTLEMENT_2,2018,Urban Cluster,7358188,19712.03,DEGURBA
AP,AP_SETTLEMENT_3,2018,Urban Cluster,2281583,19886.22,DEGURBA
AP,AP_SETTLEMENT_4,2018,Rural,6103861,3048.08,DEGURBA
AP,AP_SETTLEMENT_5,2018,Urban Centre,6438684,12845.15,DEGURBA
AP,AP_SETTLEMENT_6,2018,Rural,2552350,17236.53,DEGURBA
AP,AP_SETTLEMENT_7,2018,New Urbanising Settlement,2063836,8336.65,DEGURBA
AP,AP_SETTLEMENT_8,2018,Urban Centre,4479760,12772.08,DEGURBA
AP,AP_SETTLEMENT_9,2018,Urban Cluster,2149124,19997.87,DEGURBA
AP,AP_SETTLEMENT_10,2018,New Urbanising Settlement,4281808,5018.38,DEGURBA
AP,AP_SETTLEMENT_11,2018,Urban Centre,3574873,19711.66,DEGURBA
AP,AP_SETTLEMENT_0,2019,Urban Centre,1379340,6377.04,DEGURBA
AP,AP_SETTLEMENT_1,2019,Rural,1940204,11784.98,DEGURBA
AP,AP_SETTLEMENT_2,2019,Urban Cluster,4724565,17804.11,DEGURBA
AP,AP_SETTLEMENT_3,2019,Rural,3255647,1916.24,DEGURBA
AP,AP_SETTLEMENT_4,2019,Urban Cluster,5968451,7932.21,DEGURBA
AP,AP_SETTLEMENT_5,2019,Urban Cluster,5844148,18313.36,DEGURBA
AP,AP_SETTLEMENT_6,2019,Rural,3147052,5390.85,DEGURBA
AP,AP_SETTLEMENT_7,2019,New Urbanising Settlement,1845980,1794.23,DEGURBA
AP,AP_SETTLEMENT_8,2019,Urban Cluster,2945639,469.37,DEGURBA
AP,AP_SETTLEMENT_9,2019,New Urbanising Settlement,1716638,1653.0,DEGURBA
AP,AP_SETTLEMENT_10,2019,Rural,7049392,990.66,DEGURBA
AP,AP_SETTLEMENT_11,2019,Urban Centre,7638176,4352.83,DEGURBA
AP,AP_SETTLEMENT_0,2020,New Urbanising Settlement,5597660,17426.95,DEGURBA
AP,AP_SETTLEMENT_1,2020,New Urbanising Settlement,4910829,4536.96,DEGURBA
AP,AP_SETTLEMENT_2,2020,Rural,6428386,14370.34,DEGURBA
AP,AP_SETTLEMENT_3,2020,Urban Centre,5939040,15368.38,DEGURBA
AP,AP_SETTLEMENT_4,2020,Urban Cluster,7560555,7050.85,DEGURBA
AP,AP_SETTLEMENT_5,2020,New Urbanising Settlement,6792839,15021.47,DEGURBA
AP,AP_SETTLEMENT_6,2020,New Urbanising Settlement,5528860,1185.39,DEGURBA
AP,AP_SETTLEMENT_7,2020,Rural,3485030,850.14,DEGURBA
AP,AP_SETTLEMENT_8,2020,New Urbanising Settlement,1865288,17728.6,DEGURBA
AP,AP_SETTLEMENT_9,2020,Rural,1972239,18662.52,DEGURBA
AP,AP_SETTLEMENT_10,2020,Rural,999670,18696.28,DEGURBA
AP,AP_SETTLEMENT_11,2020,Rural,2616173,2248.02,DEGURBA
AP,AP_SETTLEMENT_0,2021,Urban Cluster,6027835,8004.58,DEGURBA
AP,AP_SETTLEMENT_1,2021,Urban Cluster,528099,9999.25,DEGURBA
AP,AP_SETTLEMENT_2,2021,Rural,6882095,19133.93,DEGURBA
AP,AP_SETTLEMENT_3,2021,New Urbanising Settlement,3567452,15755.41,DEGURBA
AP,AP_SETTLEMENT_4,2021,Urban Centre,2642051,17564.38,DEGURBA
AP,AP_SETTLEMENT_5,2021,Urban Cluster,1521008,10021.39,DEGURBA
AP,AP_SETTLEMENT_6,2021,Urban Cluster,5596667,8117.2,DEGURBA
AP,AP_SETTLEMENT_7,2021,Urban Centre,3233763,16561.91,DEGURBA
AP,AP_SETTLEMENT_8,2021,Rural,7756508,10569.15,DEGURBA
AP,AP_SETTLEMENT_9,2021,Rural,7899800,1387.59,DEGURBA
AP,AP_SETTLEMENT_10,2021,Rural,6328647,15526.42,DEGURBA
AP,AP_SETTLEMENT_11,2021,Urban Centre,709960,12308.33,DEGURBA
AP,AP_SETTLEMENT_0,2022,Urban Centre,2606855,17374.6,DEGURBA
AP,AP_SETTLEMENT_1,2022,Urban Centre,6834484,6715.44,DEGURBA
AP,AP_SETTLEMENT_2,2022,Urban Cluster,3595278,3834.55,DEGURBA
AP,AP_SETTLEMENT_3,2022,New Urbanising Settlement,3776646,8449.31,DEGURBA
AP,AP_SETTLEMENT_4,2022,New Urbanising Settlement,219514,10592.57,DEGURBA
AP,AP_SETTLEMENT_5,2022,Urban Cluster,2681154,11420.02,DEGURBA
AP,AP_SETTLEMENT_6,2022,New Urbanising Settlement,3007946,6293.44,DEGURBA
AP,AP_SETTLEMENT_7,2022,Urban Centre,6717609,15263.99,DEGURBA
AP,AP_SETTLEMENT_8,2022,Rural,5326163,5288.72,DEGURBA
AP,AP_SETTLEMENT_9,2022,Urban Cluster,5153715,10071.67,DEGURBA
AP,AP_SETTLEMENT_10,2022,New Urbanising Settlement,2058078,13257.91,DEGURBA
AP,AP_SETTLEMENT_11,2022,Urban Centre,5905439,14485.25,DEGURBA
AP,AP_SETTLEMENT_0,2023,Urban Cluster,3596006,9472.11,DEGURBA
AP,AP_SETTLEMENT_1,2023,Urban Centre,6765767,9134.06,DEGURBA
AP,AP_SETTLEMENT_2,2023,Urban Cluster,472153,19703.67,DEGURBA
AP,AP_SETTLEMENT_3,2023,Rural,5670256,15472.01,DEGURBA
AP,AP_SETTLEMENT_4,2023,Urban Cluster,226120,3840.15,DEGURBA
AP,AP_SETTLEMENT_5,2023,New Urbanising Settlement,4190711,10740.55,DEGURBA
AP,AP_SETTLEMENT_6,2023,Urban Cluster,7557750,6973.48,DEGURBA
AP,AP_SETTLEMENT_7,2023,Urban Cluster,3320838,19713.7,DEGURBA
AP,AP_SETTLEMENT_8,2023,New Urbanising Settlement,993128,2985.77,DEGURBA
AP,AP_SETTLEMENT_9,2023,Urban Cluster,7937177,9742.5,DEGURBA
AP,AP_SETTLEMENT_10,2023,Urban Cluster,2229013,9358.17,DEGURBA
AP,AP_SETTLEMENT_11,2023,Urban Cluster,722940,15630.86,DEGURBA
AP,AP_SETTLEMENT_0,2024,Urban Centre,2929210,19654.47,DEGURBA
AP,AP_SETTLEMENT_1,2024,Urban Cluster,4913892,2866.56,DEGURBA
AP,AP_SETTLEMENT_2,2024,Urban Centre,6198795,11935.47,DEGURBA
AP,AP_SETTLEMENT_3,2024,New Urbanising Settlement,3351889,17545.57,DEGURBA
AP,AP_SETTLEMENT_4,2024,Rural,1578474,13224.89,DEGURBA
AP,AP_SETTLEMENT_5,2024,New Urbanising Settlement,1839865,2511.71,DEGURBA
AP,AP_SETTLEMENT_6,2024,Urban Centre,240612,3894.28,DEGURBA
AP,AP_SETTLEMENT_7,2024,New Urbanising Settlement,7003114,6186.07,DEGURBA
AP,AP_SETTLEMENT_8,2024,Urban Centre,4838999,539.53,DEGURBA
AP,AP_SETTLEMENT_9,2024,Urban Centre,1548738,8596.23,DEGURBA
AP,AP_SETTLEMENT_10,2024,New Urbanising Settlement,6657463,3795.23,DEGURBA
AP,AP_SETTLEMENT_11,2024,Urban Cluster,1270462,11661.69,DEGURBA
AP,AP_SETTLEMENT_0,2025,New Urbanising Settlement,900719,374.69,DEGURBA
AP,AP_SETTLEMENT_1,2025,Rural,6055913,16785.88,DEGURBA
AP,AP_SETTLEMENT_2,2025,New Urbanising Settlement,3353979,7153.91,DEGURBA
AP,AP_SETTLEMENT_3,2025,Rural,269602,19543.16,DEGURBA
AP,AP_SETTLEMENT_4,2025,Urban Centre,1288399,17984.78,DEGURBA
AP,AP_SETTLEMENT_5,2025,Urban Centre,2333476,11833.62,DEGURBA
AP,AP_SETTLEMENT_6,2025,Urban Centre,819110,2988.42,DEGURBA
AP,AP_SETTLEMENT_7,2025,Rural,6360260,6644.23,DEGURBA
AP,AP_SETTLEMENT_8,2025,New Urbanising Settlement,3150917,16697.23,DEGURBA
AP,AP_SETTLEMENT_9,2025,Rural,7099567,13134.51,DEGURBA
AP,AP_SETTLEMENT_10,2025,Urban Centre,1578663,4004.16,DEGURBA
AP,AP_SETTLEMENT_11,2025,Rural,5567582,11575.85,DEGURBA
TG,TG_SETTLEMENT_0,2005,Urban Centre,4602429,10356.62,DEGURBA
TG,TG_SETTLEMENT_1,2005,Urban Centre,7388590,17301.19,DEGURBA
TG,TG_SETTLEMENT_2,2005,Urban Cluster,108018,5054.03,DEGURBA
TG,TG_SETTLEMENT_3,2005,Urban Centre,4234911,548.33,DEGURBA
TG,TG_SETTLEMENT_4,2005,Rural,542889,7632.83,DEGURBA
TG,TG_SETTLEMENT_5,2005,Urban Cluster,7881233,19018.75,DEGURBA
TG,TG_SETTLEMENT_6,2005,Urban Centre,1680684,9952.13,DEGURBA
TG,TG_SETTLEMENT_7,2005,Urban Centre,425431,8397.22,DEGURBA
TG,TG_SETTLEMENT_8,2005,Urban Centre,7054631,19023.62,DEGURBA
TG,TG_SETTLEMENT_9,2005,Urban Centre,81949,7058.59,DEGURBA
TG,TG_SETTLEMENT_10,2005,New Urbanising Settlement,5092015,14518.2,DEGURBA
TG,TG_SETTLEMENT_11,2005,Urban Cluster,1457303,657.37,DEGURBA
TG,TG_SETTLEMENT_0,2006,Rural,1544563,9788.21,DEGURBA
TG,TG_SETTLEMENT_1,2006,New Urbanising Settlement,7871073,6186.41,DEGURBA
TG,TG_SETTLEMENT_2,2006,Rural,593843,5585.35,DEGURBA
TG,TG_SETTLEMENT_3,2006,Rural,1656141,8216.88,DEGURBA
TG,TG_SETTLEMENT_4,2006,New Urbanising Settlement,5837570,4211.85,DEGURBA
TG,TG_SETTLEMENT_5,2006,New Urbanising Settlement,1226381,17193.94,DEGURBA
TG,TG_SETTLEMENT_6,2006,Urban Cluster,2143897,17538.12,DEGURBA
TG,TG_SETTLEMENT_7,2006,New Urbanising Settlement,4906699,12605.62,DEGURBA
TG,TG_SETTLEMENT_8,2006,Rural,3581297,17631.32,DEGURBA
TG,TG_SETTLEMENT_9,2006,Urban Centre,124097,11187.87,DEGURBA
TG,TG_SETTLEMENT_10,2006,New Urbanising Settlement,3566379,2513.33,DEGURBA
TG,TG_SETTLEMENT_11,2006,Rural,5459809,1030.61,DEGURBA
TG,TG_SETTLEMENT_0,2007,Urban Cluster,3479506,2382.61,DEGURBA
TG,TG_SETTLEMENT_1,2007,Urban Cluster,4693589,3528.43,DEGURBA
TG,TG_SETTLEMENT_2,2007,Rural,7531805,15273.17,DEGURBA
TG,TG_SETTLEMENT_3,2007,Rural,7241535,7554.39,DEGURBA
TG,TG_SETTLEMENT_4,2007,Rural,6665973,3977.69,DEGURBA
TG,TG_SETTLEMENT_5,2007,Rural,1682003,13218.38,DEGURBA
TG,TG_SETTLEMENT_6,2007,Rural,7516172,6189.58,DEGURBA
TG,TG_SETTLEMENT_7,2007,Urban Centre,3579115,7782.75,DEGURBA
TG,TG_SETTLEMENT_8,2007,Urban Cluster,6103143,3624.04,DEGURBA
TG,TG_SETTLEMENT_9,2007,New Urbanising Settlement,1252305,11770.16,DEGURBA
TG,TG_SETTLEMENT_10,2007,Urban Centre,6022125,7179.87,DEGURBA
TG,TG_SETTLEMENT_11,2007,Urban Centre,631880,7888.3,DEGURBA
TG,TG_SETTLEMENT_0,2008,New Urbanising Settlement,4083832,8102.81,DEGURBA
TG,TG_SETTLEMENT_1,2008,New Urbanising Settlement,5767242,19336.27,DEGURBA
TG,TG_SETTLEMENT_2,2008,Rural,7779844,15685.6,DEGURBA
TG,TG_SETTLEMENT_3,2008,New Urbanising Settlement,2809700,12571.5,DEGURBA
TG,TG_SETTLEMENT_4,2008,New Urbanising Settlement,6380725,8880.69,DEGURBA
TG,TG_SETTLEMENT_5,2008,Urban Centre,2338793,15902.62,DEGURBA
TG,TG_SETTLEMENT_6,2008,Urban Centre,913478,19651.42,DEGURBA
TG,TG_SETTLEMENT_7,2008,New Urbanising Settlement,4524161,7567.98,DEGURBA
TG,TG_SETTLEMENT_8,2008,Urban Centre,6250860,5632.08,DEGURBA
TG,TG_SETTLEMENT_9,2008,New Urbanising Settlement,7339701,3226.44,DEGURBA
TG,TG_SETTLEMENT_10,2008,Rural,4464425,10790.58,DEGURBA
TG,TG_SETTLEMENT_11,2008,Urban Cluster,2496636,2311.77,DEGURBA
TG,TG_SETTLEMENT_0,2009,Urban Centre,1729700,11551.08,DEGURBA
TG,TG_SETTLEMENT_1,2009,Urban Centre,1803950,6366.56,DEGURBA
TG,TG_SETTLEMENT_2,2009,Urban Centre,6138895,10559.98,DEGURBA
TG,TG_SETTLEMENT_3,2009,Urban Cluster,7234713,2236.41,DEGURBA
TG,TG_SETTLEMENT_4,2009,Urban Cluster,1833016,6880.81,DEGURBA
TG,TG_SETTLEMENT_5,2009,New Urbanising Settlement,5236892,18519.89,DEGURBA
TG,TG_SETTLEMENT_6,2009,New Urbanising Settlement,507827,17133.63,DEGURBA
TG,TG_SETTLEMENT_7,2009,Rural,1158396,18059.65,DEGURBA
TG,TG_SETTLEMENT_8,2009,Rural,494454,16873.75,DEGURBA
TG,TG_SETTLEMENT_9,2009,New Urbanising Settlement,7061520,4131.34,DEGURBA
TG,TG_SETTLEMENT_10,2009,Urban Centre,6526575,10836.72,DEGURBA
TG,TG_SETTLEMENT_11,2009,Rural,4551499,15483.46,DEGURBA
TG,TG_SETTLEMENT_0,2010,Urban Cluster,3538628,12271.97,DEGURBA
TG,TG_SETTLEMENT_1,2010,Urban Centre,6669036,695.5,DEGURBA
TG,TG_SETTLEMENT_2,2010,Rural,7873048,17707.05,DEGURBA
TG,TG_SETTLEMENT_3,2010,Urban Cluster,7828578,8222.61,DEGURBA
TG,TG_SETTLEMENT_4,2010,Urban Centre,5576154,7192.46,DEGURBA
TG,TG_SETTLEMENT_5,2010,Urban Centre,6389461,19634.52,DEGURBA
TG,TG_SETTLEMENT_6,2010,Urban Centre,707145,1492.05,DEGURBA
TG,TG_SETTLEMENT_7,2010,Rural,728556,17395.61,DEGURBA
TG,TG_SETTLEMENT_8,2010,Urban Cluster,7340230,10381.3,DEGURBA
TG,TG_SETTLEMENT_9,2010,Urban Cluster,6325856,14823.48,DEGURBA
TG,TG_SETTLEMENT_10,2010,New Urbanising Settlement,3574153,534.49,DEGURBA
TG,TG_SETTLEMENT_11,2010,Rural,4026683,17206.46,DEGURBA
TG,TG_SETTLEMENT_0,2011,Urban Cluster,941834,19133.28,DEGURBA
TG,TG_SETTLEMENT_1,2011,Urban Centre,1467983,9003.19,DEGURBA
TG,TG_SETTLEMENT_2,2011,Urban Centre,6658771,14848.47,DEGURBA
TG,TG_SETTLEMENT_3,2011,Urban Cluster,959192,1929.08,DEGURBA
TG,TG_SETTLEMENT_4,2011,Urban Centre,1407744,9220.93,DEGURBA
TG,TG_SETTLEMENT_5,2011,Urban Centre,6696003,12665.43,DEGURBA
TG,TG_SETTLEMENT_6,2011,Rural,2083237,4371.62,DEGURBA
TG,TG_SETTLEMENT_7,2011,New Urbanising Settlement,3129756,5940.75,DEGURBA
TG,TG_SETTLEMENT_8,2011,Rural,7169175,8246.72,DEGURBA
TG,TG_SETTLEMENT_9,2011,Rural,4062118,19316.07,DEGURBA
TG,TG_SETTLEMENT_10,2011,Urban Cluster,7163642,18818.9,DEGURBA
TG,TG_SETTLEMENT_11,2011,New Urbanising Settlement,1543971,1609.3,DEGURBA
TG,TG_SETTLEMENT_0,2012,Urban Centre,3376488,5947.89,DEGURBA
TG,TG_SETTLEMENT_1,2012,Urban Centre,768871,13505.36,DEGURBA
TG,TG_SETTLEMENT_2,2012,New Urbanising Settlement,20063,5244.89,DEGURBA
TG,TG_SETTLEMENT_3,2012,Urban Cluster,1286418,10124.56,DEGURBA
TG,TG_SETTLEMENT_4,2012,Urban Cluster,1077231,7864.12,DEGURBA
TG,TG_SETTLEMENT_5,2012,New Urbanising Settlement,6056867,6013.0,DEGURBA
TG,TG_SETTLEMENT_6,2012,Urban Cluster,5607162,4537.52,DEGURBA
TG,TG_SETTLEMENT_7,2012,New Urbanising Settlement,5431523,16527.39,DEGURBA
TG,TG_SETTLEMENT_8,2012,New Urbanising Settlement,5601687,15926.76,DEGURBA
TG,TG_SETTLEMENT_9,2012,Urban Centre,3741739,4387.15,DEGURBA
TG,TG_SETTLEMENT_10,2012,Urban Cluster,7840959,9800.46,DEGURBA
TG,TG_SETTLEMENT_11,2012,Urban Cluster,5499647,6078.46,DEGURBA
TG,TG_SETTLEMENT_0,2013,Urban Centre,3597368,9125.76,DEGURBA
TG,TG_SETTLEMENT_1,2013,Urban Centre,7771134,5523.89,DEGURBA
TG,TG_SETTLEMENT_2,2013,New Urbanising Settlement,1840980,14254.06,DEGURBA
TG,TG_SETTLEMENT_3,2013,Urban Cluster,7394770,18628.02,DEGURBA
TG,TG_SETTLEMENT_4,2013,Rural,4337730,11375.18,DEGURBA
TG,TG_SETTLEMENT_5,2013,Rural,6516287,13378.02,DEGURBA
TG,TG_SETTLEMENT_6,2013,New Urbanising Settlement,7990203,5078.15,DEGURBA
TG,TG_SETTLEMENT_7,2013,Urban Centre,5570409,13729.41,DEGURBA
TG,TG_SETTLEMENT_8,2013,Urban Centre,5243636,6447.84,DEGURBA
TG,TG_SETTLEMENT_9,2013,Rural,453250,11955.18,DEGURBA
TG,TG_SETTLEMENT_10,2013,New Urbanising Settlement,6683250,14347.93,DEGURBA
TG,TG_SETTLEMENT_11,2013,New Urbanising Settlement,5281209,7228.33,DEGURBA
TG,TG_SETTLEMENT_0,2014,New Urbanising Settlement,6565277,10143.19,DEGURBA
TG,TG_SETTLEMENT_1,2014,Urban Centre,570904,4349.65,DEGURBA
TG,TG_SETTLEMENT_2,2014,Rural,190128,17275.87,DEGURBA
TG,TG_SETTLEMENT_3,2014,Urban Centre,5836330,7933.37,DEGURBA
TG,TG_SETTLEMENT_4,2014,Urban Centre,811575,3191.98,DEGURBA
TG,TG_SETTLEMENT_5,2014,Urban Cluster,6443545,4808.89,DEGURBA
TG,TG_SETTLEMENT_6,2014,New Urbanising Settlement,46713,14873.36,DEGURBA
TG,TG_SETTLEMENT_7,2014,Urban Cluster,4514714,15314.11,DEGURBA
TG,TG_SETTLEMENT_8,2014,Rural,3756879,10625.19,DEGURBA
TG,TG_SETTLEMENT_9,2014,Urban Cluster,6561408,2463.58,DEGURBA
TG,TG_SETTLEMENT_10,2014,Rural,3346728,4146.94,DEGURBA
TG,TG_SETTLEMENT_11,2014,Urban Centre,5169563,8381.81,DEGURBA
TG,TG_SETTLEMENT_0,2015,Urban Cluster,2953093,14704.15,DEGURBA
TG,TG_SETTLEMENT_1,2015,Urban Centre,2038783,7014.6,DEGURBA
TG,TG_SETTLEMENT_2,2015,Urban Centre,4713099,1659.09,DEGURBA
TG,TG_SETTLEMENT_3,2015,Rural,7724705,17816.33,DEGURBA
TG,TG_SETTLEMENT_4,2015,New Urbanising Settlement,6414030,1691.81,DEGURBA
TG,TG_SETTLEMENT_5,2015,Rural,2056763,18426.6,DEGURBA
TG,TG_SETTLEMENT_6,2015,Urban Centre,513237,9464.27,DEGURBA
TG,TG_SETTLEMENT_7,2015,New Urbanising Settlement,5537587,15856.81,DEGURBA
TG,TG_SETTLEMENT_8,2015,Rural,2889509,1558.3,DEGURBA
TG,TG_SETTLEMENT_9,2015,Urban Cluster,6837065,3370.54,DEGURBA
TG,TG_SETTLEMENT_10,2015,Urban Centre,5526175,8577.65,DEGURBA
TG,TG_SETTLEMENT_11,2015,New Urbanising Settlement,3412931,3378.21,DEGURBA
TG,TG_SETTLEMENT_0,2016,New Urbanising Settlement,2720648,4260.86,DEGURBA
TG,TG_SETTLEMENT_1,2016,New Urbanising Settlement,1437609,5980.21,DEGURBA
TG,TG_SETTLEMENT_2,2016,Urban Centre,2987595,5691.22,DEGURBA
TG,TG_SETTLEMENT_3,2016,Urban Centre,4114811,2471.3,DEGURBA
TG,TG_SETTLEMENT_4,2016,Urban Cluster,3997910,5959.95,DEGURBA
TG,TG_SETTLEMENT_5,2016,Urban Cluster,6393508,6651.54,DEGURBA
TG,TG_SETTLEMENT_6,2016,New Urbanising Settlement,4886550,5074.51,DEGURBA
TG,TG_SETTLEMENT_7,2016,Urban Centre,2173127,6609.58,DEGURBA
TG,TG_SETTLEMENT_8,2016,Urban Centre,5417044,13541.52,DEGURBA
TG,TG_SETTLEMENT_9,2016,Urban Cluster,4469878,11610.36,DEGURBA
TG,TG_SETTLEMENT_10,2016,Rural,4428638,10327.87,DEGURBA
TG,TG_SETTLEMENT_11,2016,Urban Centre,3179332,18728.84,DEGURBA
TG,TG_SETTLEMENT_0,2017,Urban Cluster,2880997,2726.31,DEGURBA
TG,TG_SETTLEMENT_1,2017,New Urbanising Settlement,1951698,2715.65,DEGURBA
TG,TG_SETTLEMENT_2,2017,Urban Centre,3418945,11313.26,DEGURBA
TG,TG_SETTLEMENT_3,2017,Urban Cluster,3430973,1618.68,DEGURBA
TG,TG_SETTLEMENT_4,2017,Urban Cluster,2371609,15512.39,DEGURBA
TG,TG_SETTLEMENT_5,2017,Urban Centre,359100,7463.99,DEGURBA
TG,TG_SETTLEMENT_6,2017,New Urbanising Settlement,3767691,9810.38,DEGURBA
TG,TG_SETTLEMENT_7,2017,Rural,4308423,2663.58,DEGURBA
TG,TG_SETTLEMENT_8,2017,Rural,958487,2923.53,DEGURBA
TG,TG_SETTLEMENT_9,2017,New Urbanising Settlement,4417704,1173.94,DEGURBA
TG,TG_SETTLEMENT_10,2017,Urban Cluster,664012,9151.45,DEGURBA
TG,TG_SETTLEMENT_11,2017,Urban Centre,2247027,11512.76,DEGURBA
TG,TG_SETTLEMENT_0,2018,Urban Centre,982987,15721.47,DEGURBA
TG,TG_SETTLEMENT_1,2018,Rural,465287,11908.58,DEGURBA
TG,TG_SETTLEMENT_2,2018,New Urbanising Settlement,2288630,17803.03,DEGURBA
TG,TG_SETTLEMENT_3,2018,Rural,4350701,12244.52,DEGURBA
TG,TG_SETTLEMENT_4,2018,Urban Cluster,6812985,10163.45,DEGURBA
TG,TG_SETTLEMENT_5,2018,New Urbanising Settlement,6283007,17575.4,DEGURBA
TG,TG_SETTLEMENT_6,2018,New Urbanising Settlement,394288,3336.11,DEGURBA
TG,TG_SETTLEMENT_7,2018,Urban Cluster,52830,17278.63,DEGURBA
TG,TG_SETTLEMENT_8,2018,Urban Centre,5014834,16880.55,DEGURBA
TG,TG_SETTLEMENT_9,2018,New Urbanising Settlement,7556680,17789.36,DEGURBA
TG,TG_SETTLEMENT_10,2018,Urban Centre,6289508,14632.49,DEGURBA
TG,TG_SETTLEMENT_11,2018,Urban Cluster,5735009,17775.63,DEGURBA
TG,TG_SETTLEMENT_0,2019,Urban Cluster,6891284,17066.42,DEGURBA
TG,TG_SETTLEMENT_1,2019,Urban Centre,77613,3083.91,DEGURBA
TG,TG_SETTLEMENT_2,2019,Urban Cluster,5527070,9214.23,DEGURBA
TG,TG_SETTLEMENT_3,2019,Urban Cluster,1024198,10314.02,DEGURBA
TG,TG_SETTLEMENT_4,2019,New Urbanising Settlement,4454760,16865.77,DEGURBA
TG,TG_SETTLEMENT_5,2019,Urban Centre,1620263,6457.82,DEGURBA
TG,TG_SETTLEMENT_6,2019,New Urbanising Settlement,7479950,11297.07,DEGURBA
TG,TG_SETTLEMENT_7,2019,Urban Centre,7385864,9665.64,DEGURBA
TG,TG_SETTLEMENT_8,2019,New Urbanising Settlement,4904626,4121.98,DEGURBA
TG,TG_SETTLEMENT_9,2019,Urban Centre,2123309,19944.03,DEGURBA
TG,TG_SETTLEMENT_10,2019,Urban Cluster,279722,1079.17,DEGURBA
TG,TG_SETTLEMENT_11,2019,Urban Cluster,5678525,8050.21,DEGURBA
TG,TG_SETTLEMENT_0,2020,Rural,6977315,17277.89,DEGURBA
TG,TG_SETTLEMENT_1,2020,New Urbanising Settlement,721300,18431.19,DEGURBA
TG,TG_SETTLEMENT_2,2020,Urban Cluster,148274,14907.26,DEGURBA
TG,TG_SETTLEMENT_3,2020,New Urbanising Settlement,227274,5281.21,DEGURBA
TG,TG_SETTLEMENT_4,2020,Urban Cluster,260672,19166.67,DEGURBA
TG,TG_SETTLEMENT_5,2020,Urban Centre,4938152,12159.56,DEGURBA
TG,TG_SETTLEMENT_6,2020,New Urbanising Settlement,32122,5453.47,DEGURBA
TG,TG_SETTLEMENT_7,2020,Rural,683627,836.19,DEGURBA
TG,TG_SETTLEMENT_8,2020,New Urbanising Settlement,7538082,16638.6,DEGURBA
TG,TG_SETTLEMENT_9,2020,Urban Centre,5784990,18119.53,DEGURBA
TG,TG_SETTLEMENT_10,2020,Urban Cluster,3871350,7544.9,DEGURBA
TG,TG_SETTLEMENT_11,2020,Rural,7275848,18508.02,DEGURBA
TG,TG_SETTLEMENT_0,2021,Urban Cluster,1411725,10951.17,DEGURBA
TG,TG_SETTLEMENT_1,2021,Urban Centre,6319222,5574.02,DEGURBA
TG,TG_SETTLEMENT_2,2021,New Urbanising Settlement,5047975,4778.49,DEGURBA
TG,TG_SETTLEMENT_3,2021,Urban Centre,3915920,8239.67,DEGURBA
TG,TG_SETTLEMENT_4,2021,Rural,1096426,14609.56,DEGURBA
TG,TG_SETTLEMENT_5,2021,Urban Cluster,7133678,18087.32,DEGURBA
TG,TG_SETTLEMENT_6,2021,Urban Cluster,4568207,1903.88,DEGURBA
TG,TG_SETTLEMENT_7,2021,Rural,7148584,17581.31,DEGURBA
TG,TG_SETTLEMENT_8,2021,Rural,6260361,6190.03,DEGURBA
TG,TG_SETTLEMENT_9,2021,Rural,1701016,376.47,DEGURBA
TG,TG_SETTLEMENT_10,2021,Rural,778205,13847.63,DEGURBA
TG,TG_SETTLEMENT_11,2021,Urban Centre,3148526,9476.5,DEGURBA
TG,TG_SETTLEMENT_0,2022,Rural,6787355,15365.97,DEGURBA
TG,TG_SETTLEMENT_1,2022,Urban Cluster,5109182,12679.62,DEGURBA
TG,TG_SETTLEMENT_2,2022,New Urbanising Settlement,27036,1235.65,DEGURBA
TG,TG_SETTLEMENT_3,2022,Rural,4574955,3612.77,DEGURBA
TG,TG_SETTLEMENT_4,2022,New Urbanising Settlement,5877746,9133.12,DEGURBA
TG,TG_SETTLEMENT_5,2022,Rural,1889673,8879.94,DEGURBA
TG,TG_SETTLEMENT_6,2022,Urban Centre,2600173,3201.89,DEGURBA
TG,TG_SETTLEMENT_7,2022,New Urbanising Settlement,407628,4946.93,DEGURBA
TG,TG_SETTLEMENT_8,2022,Urban Cluster,5084895,13899.82,DEGURBA
TG,TG_SETTLEMENT_9,2022,Urban Centre,2372008,12431.26,DEGURBA
TG,TG_SETTLEMENT_10,2022,Urban Centre,7744872,7636.62,DEGURBA
TG,TG_SETTLEMENT_11,2022,New Urbanising Settlement,3843550,1730.83,DEGURBA
TG,TG_SETTLEMENT_0,2023,New Urbanising Settlement,2846423,7159.85,DEGURBA
TG,TG_SETTLEMENT_1,2023,Urban Cluster,6460053,5710.88,DEGURBA
TG,TG_SETTLEMENT_2,2023,Urban Cluster,3024863,18051.05,DEGURBA
TG,TG_SETTLEMENT_3,2023,Urban Centre,1578284,17681.94,DEGURBA
TG,TG_SETTLEMENT_4,2023,Urban Centre,4900869,17375.53,DEGURBA
TG,TG_SETTLEMENT_5,2023,New Urbanising Settlement,75511,18567.15,DEGURBA
TG,TG_SETTLEMENT_6,2023,Urban Cluster,2298137,11182.9,DEGURBA
TG,TG_SETTLEMENT_7,2023,New Urbanising Settlement,2041677,9054.96,DEGURBA
TG,TG_SETTLEMENT_8,2023,Rural,4057455,12192.37,DEGURBA
TG,TG_SETTLEMENT_9,2023,Rural,3426218,1711.45,DEGURBA
TG,TG_SETTLEMENT_10,2023,Urban Cluster,7340677,9870.95,DEGURBA
TG,TG_SETTLEMENT_11,2023,New Urbanising Settlement,4442774,18730.34,DEGURBA
TG,TG_SETTLEMENT_0,2024,New Urbanising Settlement,2013063,17160.8,DEGURBA
TG,TG_SETTLEMENT_1,2024,Rural,5599367,2153.69,DEGURBA
TG,TG_SETTLEMENT_2,2024,Rural,4483182,8127.54,DEGURBA
TG,TG_SETTLEMENT_3,2024,Rural,6683038,17350.54,DEGURBA
TG,TG_SETTLEMENT_4,2024,Rural,3375268,1584.89,DEGURBA
TG,TG_SETTLEMENT_5,2024,New Urbanising Settlement,161118,11743.53,DEGURBA
TG,TG_SETTLEMENT_6,2024,Urban Cluster,2631186,15355.56,DEGURBA
TG,TG_SETTLEMENT_7,2024,Urban Cluster,2427480,18086.15,DEGURBA
TG,TG_SETTLEMENT_8,2024,Urban Cluster,7970665,4490.35,DEGURBA
TG,TG_SETTLEMENT_9,2024,New Urbanising Settlement,7635901,13477.49,DEGURBA
TG,TG_SETTLEMENT_10,2024,Urban Cluster,1245521,1332.16,DEGURBA
TG,TG_SETTLEMENT_11,2024,Urban Cluster,2365532,11467.12,DEGURBA
TG,TG_SETTLEMENT_0,2025,Urban Cluster,1330258,10367.74,DEGURBA
TG,TG_SETTLEMENT_1,2025,Urban Cluster,1530245,3987.6,DEGURBA
TG,TG_SETTLEMENT_2,2025,Urban Centre,6681147,12878.88,DEGURBA
TG,TG_SETTLEMENT_3,2025,Rural,358126,17188.67,DEGURBA
TG,TG_SETTLEMENT_4,2025,New Urbanising Settlement,835623,5479.86,DEGURBA
TG,TG_SETTLEMENT_5,2025,New Urbanising Settlement,5090101,18240.49,DEGURBA
TG,TG_SETTLEMENT_6,2025,New Urbanising Settlement,3949178,15460.43,DEGURBA
TG,TG_SETTLEMENT_7,2025,Urban Centre,448445,744.21,DEGURBA
TG,TG_SETTLEMENT_8,2025,New Urbanising Settlement,1657810,5533.05,DEGURBA
TG,TG_SETTLEMENT_9,2025,Rural,3952265,14271.21,DEGURBA
TG,TG_SETTLEMENT_10,2025,New Urbanising Settlement,3198070,14287.96,DEGURBA
TG,TG_SETTLEMENT_11,2025,Urban Centre,5724343,14038.77,DEGURBA
TN,TN_SETTLEMENT_0,2005,New Urbanising Settlement,845720,14260.81,DEGURBA
TN,TN_SETTLEMENT_1,2005,Urban Cluster,4488070,18779.63,DEGURBA
TN,TN_SETTLEMENT_2,2005,Rural,6089132,14154.73,DEGURBA
TN,TN_SETTLEMENT_3,2005,Rural,3312689,19096.7,DEGURBA
TN,TN_SETTLEMENT_4,2005,Urban Cluster,2971002,10177.79,DEGURBA
TN,TN_SETTLEMENT_5,2005,Rural,2328597,5099.86,DEGURBA
TN,TN_SETTLEMENT_6,2005,Urban Centre,6099518,5300.06,DEGURBA
TN,TN_SETTLEMENT_7,2005,Urban Cluster,7390452,8942.07,DEGURBA
TN,TN_SETTLEMENT_8,2005,New Urbanising Settlement,6181157,9097.44,DEGURBA
TN,TN_SETTLEMENT_9,2005,Urban Cluster,3075508,6112.06,DEGURBA
TN,TN_SETTLEMENT_10,2005,Urban Centre,4402458,1137.53,DEGURBA
TN,TN_SETTLEMENT_11,2005,New Urbanising Settlement,148954,11722.48,DEGURBA
TN,TN_SETTLEMENT_0,2006,Urban Cluster,991354,3551.1,DEGURBA
TN,TN_SETTLEMENT_1,2006,New Urbanising Settlement,220363,15035.95,DEGURBA
TN,TN_SETTLEMENT_2,2006,Rural,1295879,19039.69,DEGURBA
TN,TN_SETTLEMENT_3,2006,Rural,3916353,6669.77,DEGURBA
TN,TN_SETTLEMENT_4,2006,New Urbanising Settlement,734988,10569.23,DEGURBA
TN,TN_SETTLEMENT_5,2006,New Urbanising Settlement,4391015,2529.99,DEGURBA
TN,TN_SETTLEMENT_6,2006,Urban Centre,7977059,15539.53,DEGURBA
TN,TN_SETTLEMENT_7,2006,New Urbanising Settlement,7696193,409.23,DEGURBA
TN,TN_SETTLEMENT_8,2006,Urban Cluster,7815639,8589.07,DEGURBA
TN,TN_SETTLEMENT_9,2006,Urban Centre,5543961,4439.5,DEGURBA
TN,TN_SETTLEMENT_10,2006,Rural,3921162,19587.23,DEGURBA
TN,TN_SETTLEMENT_11,2006,Urban Cluster,3072805,6588.03,DEGURBA
TN,TN_SETTLEMENT_0,2007,Rural,2162948,15742.79,DEGURBA
TN,TN_SETTLEMENT_1,2007,Rural,7321637,11346.04,DEGURBA
TN,TN_SETTLEMENT_2,2007,Urban Centre,4485547,12200.08,DEGURBA
TN,TN_SETTLEMENT_3,2007,New Urbanising Settlement,779079,389.8,DEGURBA
TN,TN_SETTLEMENT_4,2007,Urban Cluster,2077934,8269.35,DEGURBA
TN,TN_SETTLEMENT_5,2007,Urban Centre,4676651,8144.05,DEGURBA
TN,TN_SETTLEMENT_6,2007,Urban Centre,4104190,15319.37,DEGURBA
TN,TN_SETTLEMENT_7,2007,Rural,6445536,1952.68,DEGURBA
TN,TN_SETTLEMENT_8,2007,Urban Centre,2765330,10803.07,DEGURBA
TN,TN_SETTLEMENT_9,2007,Rural,5960824,1351.39,DEGURBA
TN,TN_SETTLEMENT_10,2007,Urban Centre,5867541,10880.64,DEGURBA
TN,TN_SETTLEMENT_11,2007,New Urbanising Settlement,7623441,2132.68,DEGURBA
TN,TN_SETTLEMENT_0,2008,New Urbanising Settlement,2530449,8249.46,DEGURBA
TN,TN_SETTLEMENT_1,2008,Urban Centre,1553843,18789.89,DEGURBA
TN,TN_SETTLEMENT_2,2008,Rural,3517840,19192.03,DEGURBA
TN,TN_SETTLEMENT_3,2008,New Urbanising Settlement,4342803,1144.63,DEGURBA
TN,TN_SETTLEMENT_4,2008,New Urbanising Settlement,1471957,7107.47,DEGURBA
TN,TN_SETTLEMENT_5,2008,Urban Centre,1642791,17874.59,DEGURBA
TN,TN_SETTLEMENT_6,2008,Rural,7093170,12469.35,DEGURBA
TN,TN_SETTLEMENT_7,2008,Urban Centre,1548955,9381.89,DEGURBA
TN,TN_SETTLEMENT_8,2008,New Urbanising Settlement,3365377,19242.56,DEGURBA
TN,TN_SETTLEMENT_9,2008,Urban Centre,6387824,15901.65,DEGURBA
TN,TN_SETTLEMENT_10,2008,New Urbanising Settlement,7396300,17868.73,DEGURBA
TN,TN_SETTLEMENT_11,2008,Rural,2459497,15738.59,DEGURBA
TN,TN_SETTLEMENT_0,2009,Urban Centre,6414678,14309.6,DEGURBA
TN,TN_SETTLEMENT_1,2009,Rural,7467974,1502.65,DEGURBA
TN,TN_SETTLEMENT_2,2009,Urban Centre,4581089,19064.31,DEGURBA
TN,TN_SETTLEMENT_3,2009,Rural,215926,3207.74,DEGURBA
TN,TN_SETTLEMENT_4,2009,Rural,5973805,11735.92,DEGURBA
TN,TN_SETTLEMENT_5,2009,Urban Centre,150120,12290.25,DEGURBA
TN,TN_SETTLEMENT_6,2009,Urban Cluster,7425257,13480.54,DEGURBA
TN,TN_SETTLEMENT_7,2009,Rural,4679874,18727.91,DEGURBA
TN,TN_SETTLEMENT_8,2009,Urban Cluster,4781194,2741.77,DEGURBA
TN,TN_SETTLEMENT_9,2009,Urban Centre,999877,13142.0,DEGURBA
TN,TN_SETTLEMENT_10,2009,Urban Centre,4986129,18742.24,DEGURBA
TN,TN_SETTLEMENT_11,2009,Urban Centre,4654003,3279.14,DEGURBA
TN,TN_SETTLEMENT_0,2010,Urban Cluster,5818077,14819.42,DEGURBA
TN,TN_SETTLEMENT_1,2010,Urban Cluster,7693466,8305.59,DEGURBA
TN,TN_SETTLEMENT_2,2010,New Urbanising Settlement,3859818,19093.89,DEGURBA
TN,TN_SETTLEMENT_3,2010,Rural,1541949,4818.66,DEGURBA
TN,TN_SETTLEMENT_4,2010,New Urbanising Settlement,6999117,12529.47,DEGURBA
TN,TN_SETTLEMENT_5,2010,Urban Cluster,796006,7264.07,DEGURBA
TN,TN_SETTLEMENT_6,2010,Urban Centre,3771793,6044.09,DEGURBA
TN,TN_SETTLEMENT_7,2010,Urban Cluster,1601254,7630.26,DEGURBA
TN,TN_SETTLEMENT_8,2010,Rural,2516648,10821.32,DEGURBA
TN,TN_SETTLEMENT_9,2010,Urban Centre,2221381,13983.69,DEGURBA
TN,TN_SETTLEMENT_10,2010,Urban Cluster,6392798,19491.13,DEGURBA
TN,TN_SETTLEMENT_11,2010,New Urbanising Settlement,3653768,13034.73,DEGURBA
TN,TN_SETTLEMENT_0,2011,Urban Cluster,1590667,17906.8,DEGURBA
TN,TN_SETTLEMENT_1,2011,Urban Cluster,6949318,4984.16,DEGURBA
TN,TN_SETTLEMENT_2,2011,New Urbanising Settlement,3092539,4527.26,DEGURBA
TN,TN_SETTLEMENT_3,2011,Urban Centre,5733878,7964.27,DEGURBA
TN,TN_SETTLEMENT_4,2011,Urban Centre,314199,9680.89,DEGURBA
TN,TN_SETTLEMENT_5,2011,Urban Centre,5025456,7760.78,DEGURBA
TN,TN_SETTLEMENT_6,2011,Urban Centre,905499,1706.57,DEGURBA
TN,TN_SETTLEMENT_7,2011,Urban Centre,3765367,18638.25,DEGURBA
TN,TN_SETTLEMENT_8,2011,New Urbanising Settlement,5153625,1539.94,DEGURBA
TN,TN_SETTLEMENT_9,2011,Urban Centre,6609000,14034.79,DEGURBA
TN,TN_SETTLEMENT_10,2011,Rural,1233605,445.84,DEGURBA
TN,TN_SETTLEMENT_11,2011,Urban Centre,1230328,14827.21,DEGURBA
TN,TN_SETTLEMENT_0,2012,Urban Centre,3120680,7742.73,DEGURBA
TN,TN_SETTLEMENT_1,2012,Rural,748192,9805.18,DEGURBA
TN,TN_SETTLEMENT_2,2012,Urban Centre,248747,7519.8,DEGURBA
TN,TN_SETTLEMENT_3,2012,New Urbanising Settlement,465498,4695.23,DEGURBA
TN,TN_SETTLEMENT_4,2012,Urban Cluster,2081379,12956.91,DEGURBA
TN,TN_SETTLEMENT_5,2012,Urban Centre,7987731,19529.38,DEGURBA
TN,TN_SETTLEMENT_6,2012,Rural,7401030,1341.33,DEGURBA
TN,TN_SETTLEMENT_7,2012,Urban Centre,5429052,11808.1,DEGURBA
TN,TN_SETTLEMENT_8,2012,Urban Centre,5462925,10598.48,DEGURBA
TN,TN_SETTLEMENT_9,2012,Urban Cluster,7991312,856.04,DEGURBA
TN,TN_SETTLEMENT_10,2012,Urban Centre,916575,9499.04,DEGURBA
TN,TN_SETTLEMENT_11,2012,New Urbanising Settlement,1376318,14176.95,DEGURBA
TN,TN_SETTLEMENT_0,2013,Urban Cluster,96810,5598.83,DEGURBA
TN,TN_SETTLEMENT_1,2013,Rural,5417329,14452.64,DEGURBA
TN,TN_SETTLEMENT_2,2013,New Urbanising Settlement,2931510,8021.8,DEGURBA
TN,TN_SETTLEMENT_3,2013,New Urbanising Settlement,6525873,4708.2,DEGURBA
TN,TN_SETTLEMENT_4,2013,Urban Cluster,6225718,440.32,DEGURBA
TN,TN_SETTLEMENT_5,2013,Urban Cluster,7273853,12955.27,DEGURBA
TN,TN_SETTLEMENT_6,2013,New Urbanising Settlement,5434911,7750.45,DEGURBA
TN,TN_SETTLEMENT_7,2013,Urban Cluster,3108781,12034.2,DEGURBA
TN,TN_SETTLEMENT_8,2013,Rural,1223710,8087.88,DEGURBA
TN,TN_SETTLEMENT_9,2013,Urban Cluster,1822851,9666.52,DEGURBA
TN,TN_SETTLEMENT_10,2013,New Urbanising Settlement,6961856,11524.52,DEGURBA
TN,TN_SETTLEMENT_11,2013,Urban Centre,5644623,16552.1,DEGURBA
TN,TN_SETTLEMENT_0,2014,Urban Centre,1418153,14569.98,DEGURBA
TN,TN_SETTLEMENT_1,2014,Urban Centre,516213,15690.46,DEGURBA
TN,TN_SETTLEMENT_2,2014,New Urbanising Settlement,5390756,9576.37,DEGURBA
TN,TN_SETTLEMENT_3,2014,New Urbanising Settlement,6981815,5746.23,DEGURBA
TN,TN_SETTLEMENT_4,2014,Urban Centre,6262870,12954.18,DEGURBA
TN,TN_SETTLEMENT_5,2014,Urban Centre,1043985,8583.65,DEGURBA
TN,TN_SETTLEMENT_6,2014,Urban Cluster,7877322,4512.26,DEGURBA
TN,TN_SETTLEMENT_7,2014,Rural,932976,14204.43,DEGURBA
TN,TN_SETTLEMENT_8,2014,New Urbanising Settlement,7246592,14320.65,DEGURBA
TN,TN_SETTLEMENT_9,2014,Urban Centre,1787474,18069.95,DEGURBA
TN,TN_SETTLEMENT_10,2014,Urban Centre,4162018,14392.17,DEGURBA
TN,TN_SETTLEMENT_11,2014,Urban Cluster,7517423,7595.7,DEGURBA
TN,TN_SETTLEMENT_0,2015,Urban Centre,4987816,10540.56,DEGURBA
TN,TN_SETTLEMENT_1,2015,Urban Centre,1238460,3059.59,DEGURBA
TN,TN_SETTLEMENT_2,2015,Urban Cluster,1505334,5861.17,DEGURBA
TN,TN_SETTLEMENT_3,2015,Rural,7604549,8099.37,DEGURBA
TN,TN_SETTLEMENT_4,2015,Urban Centre,803892,9859.5,DEGURBA
TN,TN_SETTLEMENT_5,2015,Rural,7458878,2514.68,DEGURBA
TN,TN_SETTLEMENT_6,2015,Urban Cluster,4473298,15928.45,DEGURBA
TN,TN_SETTLEMENT_7,2015,Rural,2760318,4796.55,DEGURBA
TN,TN_SETTLEMENT_8,2015,Urban Cluster,6271758,17133.56,DEGURBA
TN,TN_SETTLEMENT_9,2015,Rural,5928455,10735.2,DEGURBA
TN,TN_SETTLEMENT_10,2015,Urban Cluster,7729518,2658.76,DEGURBA
TN,TN_SETTLEMENT_11,2015,Urban Cluster,606108,11206.25,DEGURBA
TN,TN_SETTLEMENT_0,2016,Urban Cluster,2523023,2248.23,DEGURBA
TN,TN_SETTLEMENT_1,2016,Rural,4692926,1061.7,DEGURBA
TN,TN_SETTLEMENT_2,2016,Urban Cluster,1704192,2781.23,DEGURBA
TN,TN_SETTLEMENT_3,2016,New Urbanising Settlement,7736345,15864.96,DEGURBA
TN,TN_SETTLEMENT_4,2016,Urban Centre,4397241,9018.94,DEGURBA
TN,TN_SETTLEMENT_5,2016,Rural,6234619,12459.16,DEGURBA
TN,TN_SETTLEMENT_6,2016,Rural,460755,1716.41,DEGURBA
TN,TN_SETTLEMENT_7,2016,New Urbanising Settlement,5140267,18258.79,DEGURBA
TN,TN_SETTLEMENT_8,2016,Urban Cluster,7606744,1011.72,DEGURBA
TN,TN_SETTLEMENT_9,2016,Urban Cluster,7532382,1526.08,DEGURBA
TN,TN_SETTLEMENT_10,2016,Urban Centre,35568,7958.02,DEGURBA
TN,TN_SETTLEMENT_11,2016,New Urbanising Settlement,3116055,10947.39,DEGURBA
TN,TN_SETTLEMENT_0,2017,Rural,6185791,17995.06,DEGURBA
TN,TN_SETTLEMENT_1,2017,Urban Cluster,4201659,13977.3,DEGURBA
TN,TN_SETTLEMENT_2,2017,Urban Cluster,2580339,13930.54,DEGURBA
TN,TN_SETTLEMENT_3,2017,Urban Centre,2213303,882.98,DEGURBA
TN,TN_SETTLEMENT_4,2017,Urban Cluster,4374781,19194.72,DEGURBA
TN,TN_SETTLEMENT_5,2017,Rural,2677969,422.17,DEGURBA
TN,TN_SETTLEMENT_6,2017,Rural,7528487,19876.65,DEGURBA
TN,TN_SETTLEMENT_7,2017,New Urbanising Settlement,1616920,11542.75,DEGURBA
TN,TN_SETTLEMENT_8,2017,Urban Centre,3452557,17907.85,DEGURBA
TN,TN_SETTLEMENT_9,2017,Urban Cluster,5076304,3955.02,DEGURBA
TN,TN_SETTLEMENT_10,2017,Rural,7820721,18408.51,DEGURBA
TN,TN_SETTLEMENT_11,2017,New Urbanising Settlement,6830755,15418.21,DEGURBA
TN,TN_SETTLEMENT_0,2018,New Urbanising Settlement,7294078,18201.7,DEGURBA
TN,TN_SETTLEMENT_1,2018,Urban Centre,5814,15061.83,DEGURBA
TN,TN_SETTLEMENT_2,2018,Urban Cluster,7627326,7450.7,DEGURBA
TN,TN_SETTLEMENT_3,2018,Urban Centre,2510168,18216.61,DEGURBA
TN,TN_SETTLEMENT_4,2018,Urban Centre,228923,11354.9,DEGURBA
TN,TN_SETTLEMENT_5,2018,Urban Cluster,1831341,13123.92,DEGURBA
TN,TN_SETTLEMENT_6,2018,Urban Cluster,3292477,3846.77,DEGURBA
TN,TN_SETTLEMENT_7,2018,Rural,6757563,6996.32,DEGURBA
TN,TN_SETTLEMENT_8,2018,New Urbanising Settlement,1931458,13513.55,DEGURBA
TN,TN_SETTLEMENT_9,2018,New Urbanising Settlement,2430393,1967.77,DEGURBA
TN,TN_SETTLEMENT_10,2018,Urban Cluster,3371136,2070.43,DEGURBA
TN,TN_SETTLEMENT_11,2018,Urban Cluster,6882121,342.05,DEGURBA
TN,TN_SETTLEMENT_0,2019,Rural,153616,6742.86,DEGURBA
TN,TN_SETTLEMENT_1,2019,Urban Cluster,6319814,18401.69,DEGURBA
TN,TN_SETTLEMENT_2,2019,Rural,2321744,14170.95,DEGURBA
TN,TN_SETTLEMENT_3,2019,Rural,7009211,8267.23,DEGURBA
TN,TN_SETTLEMENT_4,2019,Rural,3482356,16233.12,DEGURBA
TN,TN_SETTLEMENT_5,2019,Rural,3469060,723.8,DEGURBA
TN,TN_SETTLEMENT_6,2019,Urban Centre,1186420,17153.63,DEGURBA
TN,TN_SETTLEMENT_7,2019,Urban Centre,2003318,13830.5,DEGURBA
TN,TN_SETTLEMENT_8,2019,Rural,6266826,18784.29,DEGURBA
TN,TN_SETTLEMENT_9,2019,Urban Cluster,6266104,16917.8,DEGURBA
TN,TN_SETTLEMENT_10,2019,Urban Cluster,4058899,7706.96,DEGURBA
TN,TN_SETTLEMENT_11,2019,Urban Cluster,7030930,3885.42,DEGURBA
TN,TN_SETTLEMENT_0,2020,New Urbanising Settlement,6891999,15606.89,DEGURBA
TN,TN_SETTLEMENT_1,2020,Urban Centre,4182134,14544.32,DEGURBA
TN,TN_SETTLEMENT_2,2020,Rural,4996088,1912.88,DEGURBA
TN,TN_SETTLEMENT_3,2020,New Urbanising Settlement,6262353,7611.65,DEGURBA
TN,TN_SETTLEMENT_4,2020,New Urbanising Settlement,4249348,12260.59,DEGURBA
TN,TN_SETTLEMENT_5,2020,Urban Centre,6196803,14218.01,DEGURBA
TN,TN_SETTLEMENT_6,2020,Urban Centre,1887961,18105.35,DEGURBA
TN,TN_SETTLEMENT_7,2020,Urban Centre,6590059,4734.7,DEGURBA
TN,TN_SETTLEMENT_8,2020,Urban Cluster,3624390,5518.9,DEGURBA
TN,TN_SETTLEMENT_9,2020,New Urbanising Settlement,3789789,17113.09,DEGURBA
TN,TN_SETTLEMENT_10,2020,Rural,6671091,15817.73,DEGURBA
TN,TN_SETTLEMENT_11,2020,New Urbanising Settlement,6224300,4267.6,DEGURBA
TN,TN_SETTLEMENT_0,2021,New Urbanising Settlement,5555063,5830.01,DEGURBA
TN,TN_SETTLEMENT_1,2021,New Urbanising Settlement,196750,10789.4,DEGURBA
TN,TN_SETTLEMENT_2,2021,Urban Cluster,822865,8432.62,DEGURBA
TN,TN_SETTLEMENT_3,2021,Urban Centre,5996021,1160.96,DEGURBA
TN,TN_SETTLEMENT_4,2021,New Urbanising Settlement,7332830,14972.65,DEGURBA
TN,TN_SETTLEMENT_5,2021,Urban Centre,4838544,12943.95,DEGURBA
TN,TN_SETTLEMENT_6,2021,New Urbanising Settlement,1271366,642.43,DEGURBA
TN,TN_SETTLEMENT_7,2021,New Urbanising Settlement,2638913,9924.54,DEGURBA
TN,TN_SETTLEMENT_8,2021,Urban Centre,4503912,2218.25,DEGURBA
TN,TN_SETTLEMENT_9,2021,Urban Centre,6656081,7107.56,DEGURBA
TN,TN_SETTLEMENT_10,2021,New Urbanising Settlement,7124402,18390.73,DEGURBA
TN,TN_SETTLEMENT_11,2021,New Urbanising Settlement,4230820,18416.02,DEGURBA
TN,TN_SETTLEMENT_0,2022,New Urbanising Settlement,7172948,10639.05,DEGURBA
TN,TN_SETTLEMENT_1,2022,Urban Cluster,2737513,16001.32,DEGURBA
TN,TN_SETTLEMENT_2,2022,Urban Cluster,4729152,5490.7,DEGURBA
TN,TN_SETTLEMENT_3,2022,Urban Cluster,475409,10396.65,DEGURBA
TN,TN_SETTLEMENT_4,2022,Urban Centre,5289310,3252.29,DEGURBA
TN,TN_SETTLEMENT_5,2022,Urban Centre,134189,17503.36,DEGURBA
TN,TN_SETTLEMENT_6,2022,Rural,3301743,17591.04,DEGURBA
TN,TN_SETTLEMENT_7,2022,Rural,6508436,3506.08,DEGURBA
TN,TN_SETTLEMENT_8,2022,Urban Centre,1735891,9373.91,DEGURBA
TN,TN_SETTLEMENT_9,2022,Urban Centre,3374883,15933.61,DEGURBA
TN,TN_SETTLEMENT_10,2022,Rural,1320473,18856.77,DEGURBA
TN,TN_SETTLEMENT_11,2022,Urban Cluster,241192,4286.46,DEGURBA
TN,TN_SETTLEMENT_0,2023,Urban Centre,3923156,2392.71,DEGURBA
TN,TN_SETTLEMENT_1,2023,New Urbanising Settlement,3684956,9224.0,DEGURBA
TN,TN_SETTLEMENT_2,2023,New Urbanising Settlement,7914520,452.23,DEGURBA
TN,TN_SETTLEMENT_3,2023,New Urbanising Settlement,2341506,1496.19,DEGURBA
TN,TN_SETTLEMENT_4,2023,Urban Cluster,5707392,271.41,DEGURBA
TN,TN_SETTLEMENT_5,2023,Urban Centre,4357641,8623.22,DEGURBA
TN,TN_SETTLEMENT_6,2023,Rural,2669427,6068.08,DEGURBA
TN,TN_SETTLEMENT_7,2023,Urban Cluster,3483511,13202.92,DEGURBA
TN,TN_SETTLEMENT_8,2023,Urban Cluster,6299237,16118.39,DEGURBA
TN,TN_SETTLEMENT_9,2023,Rural,1763185,1874.01,DEGURBA
TN,TN_SETTLEMENT_10,2023,New Urbanising Settlement,3952775,10809.39,DEGURBA
TN,TN_SETTLEMENT_11,2023,New Urbanising Settlement,3070783,2784.32,DEGURBA
TN,TN_SETTLEMENT_0,2024,Urban Centre,5547360,9643.57,DEGURBA
TN,TN_SETTLEMENT_1,2024,New Urbanising Settlement,4636444,14405.98,DEGURBA
TN,TN_SETTLEMENT_2,2024,Urban Centre,2028921,11494.9,DEGURBA
TN,TN_SETTLEMENT_3,2024,Urban Centre,2337229,19613.09,DEGURBA
TN,TN_SETTLEMENT_4,2024,New Urbanising Settlement,5965098,9212.63,DEGURBA
TN,TN_SETTLEMENT_5,2024,Rural,2616401,8818.77,DEGURBA
TN,TN_SETTLEMENT_6,2024,Urban Cluster,635363,16883.25,DEGURBA
TN,TN_SETTLEMENT_7,2024,Urban Cluster,2612604,16871.75,DEGURBA
TN,TN_SETTLEMENT_8,2024,New Urbanising Settlement,7192603,14422.15,DEGURBA
TN,TN_SETTLEMENT_9,2024,Urban Cluster,5258996,12571.18,DEGURBA
TN,TN_SETTLEMENT_10,2024,Urban Cluster,4628415,7468.86,DEGURBA
TN,TN_SETTLEMENT_11,2024,New Urbanising Settlement,7870528,2431.69,DEGURBA
TN,TN_SETTLEMENT_0,2025,Rural,1137324,4048.51,DEGURBA
TN,TN_SETTLEMENT_1,2025,Rural,2870883,5218.69,DEGURBA
TN,TN_SETTLEMENT_2,2025,New Urbanising Settlement,1606381,3478.16,DEGURBA
TN,TN_SETTLEMENT_3,2025,Urban Centre,2433950,18007.27,DEGURBA
TN,TN_SETTLEMENT_4,2025,New Urbanising Settlement,6346103,13331.28,DEGURBA
TN,TN_SETTLEMENT_5,2025,New Urbanising Settlement,5798809,8431.83,DEGURBA
TN,TN_SETTLEMENT_6,2025,Urban Centre,7295414,11630.67,DEGURBA
TN,TN_SETTLEMENT_7,2025,Urban Centre,1349721,12874.6,DEGURBA
TN,TN_SETTLEMENT_8,2025,Urban Centre,3088211,8147.08,DEGURBA
TN,TN_SETTLEMENT_9,2025,Urban Centre,3068940,15421.39,DEGURBA
TN,TN_SETTLEMENT_10,2025,Rural,7551990,4144.89,DEGURBA
TN,TN_SETTLEMENT_11,2025,Urban Cluster,4389200,8026.79,DEGURBA
KL,KL_SETTLEMENT_0,2005,New Urbanising Settlement,2349811,5047.27,DEGURBA
KL,KL_SETTLEMENT_1,2005,Urban Cluster,6187711,6161.53,DEGURBA
KL,KL_SETTLEMENT_2,2005,Rural,6622877,9899.9,DEGURBA
KL,KL_SETTLEMENT_3,2005,Urban Cluster,446752,13958.76,DEGURBA
KL,KL_SETTLEMENT_4,2005,New Urbanising Settlement,6021670,10976.14,DEGURBA
KL,KL_SETTLEMENT_5,2005,Urban Cluster,5148760,12454.66,DEGURBA
KL,KL_SETTLEMENT_6,2005,Rural,541809,12403.86,DEGURBA
KL,KL_SETTLEMENT_7,2005,Rural,2246928,4115.8,DEGURBA
KL,KL_SETTLEMENT_8,2005,Urban Centre,6858000,18239.49,DEGURBA
KL,KL_SETTLEMENT_9,2005,New Urbanising Settlement,6418094,6241.16,DEGURBA
KL,KL_SETTLEMENT_10,2005,Urban Centre,799733,18313.34,DEGURBA
KL,KL_SETTLEMENT_11,2005,Urban Centre,6103071,16436.55,DEGURBA
KL,KL_SETTLEMENT_0,2006,Rural,2594626,272.2,DEGURBA
KL,KL_SETTLEMENT_1,2006,Urban Cluster,6142157,15276.66,DEGURBA
KL,KL_SETTLEMENT_2,2006,New Urbanising Settlement,7138708,18614.53,DEGURBA
KL,KL_SETTLEMENT_3,2006,New Urbanising Settlement,1360511,4793.3,DEGURBA
KL,KL_SETTLEMENT_4,2006,Rural,3119917,3709.28,DEGURBA
KL,KL_SETTLEMENT_5,2006,Rural,7113385,10703.17,DEGURBA
KL,KL_SETTLEMENT_6,2006,Urban Cluster,466322,11817.7,DEGURBA
KL,KL_SETTLEMENT_7,2006,New Urbanising Settlement,3387807,2612.41,DEGURBA
KL,KL_SETTLEMENT_8,2006,Urban Cluster,3395518,436.38,DEGURBA
KL,KL_SETTLEMENT_9,2006,Urban Centre,7774530,14010.93,DEGURBA
KL,KL_SETTLEMENT_10,2006,New Urbanising Settlement,3754088,18786.47,DEGURBA
KL,KL_SETTLEMENT_11,2006,New Urbanising Settlement,513469,18780.64,DEGURBA
KL,KL_SETTLEMENT_0,2007,New Urbanising Settlement,2738440,19008.07,DEGURBA
KL,KL_SETTLEMENT_1,2007,Urban Cluster,5028090,9337.62,DEGURBA
KL,KL_SETTLEMENT_2,2007,New Urbanising Settlement,1234747,18874.63,DEGURBA
KL,KL_SETTLEMENT_3,2007,Urban Centre,614563,17125.72,DEGURBA
KL,KL_SETTLEMENT_4,2007,New Urbanising Settlement,1075807,17669.17,DEGURBA
KL,KL_SETTLEMENT_5,2007,Urban Centre,3816856,15204.68,DEGURBA
KL,KL_SETTLEMENT_6,2007,New Urbanising Settlement,6486865,14816.69,DEGURBA
KL,KL_SETTLEMENT_7,2007,Urban Cluster,16357,1603.98,DEGURBA
KL,KL_SETTLEMENT_8,2007,Urban Centre,7940358,1610.8,DEGURBA
KL,KL_SETTLEMENT_9,2007,Rural,6943218,1209.29,DEGURBA
KL,KL_SETTLEMENT_10,2007,Rural,6685659,14516.08,DEGURBA
KL,KL_SETTLEMENT_11,2007,Rural,6637749,4501.22,DEGURBA
KL,KL_SETTLEMENT_0,2008,Urban Cluster,1365265,15729.04,DEGURBA
KL,KL_SETTLEMENT_1,2008,New Urbanising Settlement,2320574,7648.07,DEGURBA
KL,KL_SETTLEMENT_2,2008,Urban Centre,2930169,7389.94,DEGURBA
KL,KL_SETTLEMENT_3,2008,Urban Cluster,4441529,15063.65,DEGURBA
KL,KL_SETTLEMENT_4,2008,Urban Cluster,1787700,7103.89,DEGURBA
KL,KL_SETTLEMENT_5,2008,Urban Cluster,7408337,10892.03,DEGURBA
KL,KL_SETTLEMENT_6,2008,Rural,3185135,13642.32,DEGURBA
KL,KL_SETTLEMENT_7,2008,Rural,7999524,3095.4,DEGURBA
KL,KL_SETTLEMENT_8,2008,Urban Centre,277659,8627.31,DEGURBA
KL,KL_SETTLEMENT_9,2008,Rural,3473503,1908.07,DEGURBA
KL,KL_SETTLEMENT_10,2008,New Urbanising Settlement,7025899,12435.87,DEGURBA
KL,KL_SETTLEMENT_11,2008,New Urbanising Settlement,5793226,19262.19,DEGURBA
KL,KL_SETTLEMENT_0,2009,Urban Centre,4153674,19718.32,DEGURBA
KL,KL_SETTLEMENT_1,2009,New Urbanising Settlement,5067819,9193.74,DEGURBA
KL,KL_SETTLEMENT_2,2009,Urban Cluster,1868247,13950.7,DEGURBA
KL,KL_SETTLEMENT_3,2009,Urban Centre,6794565,17704.9,DEGURBA
KL,KL_SETTLEMENT_4,2009,Urban Centre,6447799,14036.98,DEGURBA
KL,KL_SETTLEMENT_5,2009,Urban Cluster,5988750,9078.64,DEGURBA
KL,KL_SETTLEMENT_6,2009,New Urbanising Settlement,2390517,14944.84,DEGURBA
KL,KL_SETTLEMENT_7,2009,New Urbanising Settlement,2158619,1852.35,DEGURBA
KL,KL_SETTLEMENT_8,2009,Urban Cluster,4242390,1146.76,DEGURBA
KL,KL_SETTLEMENT_9,2009,Urban Centre,5248518,18235.33,DEGURBA
KL,KL_SETTLEMENT_10,2009,Rural,5052496,2220.82,DEGURBA
KL,KL_SETTLEMENT_11,2009,New Urbanising Settlement,708407,11333.17,DEGURBA
KL,KL_SETTLEMENT_0,2010,Urban Cluster,2877623,10343.2,DEGURBA
KL,KL_SETTLEMENT_1,2010,New Urbanising Settlement,4305015,12630.11,DEGURBA
KL,KL_SETTLEMENT_2,2010,Rural,5829472,7987.02,DEGURBA
KL,KL_SETTLEMENT_3,2010,New Urbanising Settlement,4044323,6631.49,DEGURBA
KL,KL_SETTLEMENT_4,2010,Rural,1988479,6953.23,DEGURBA
KL,KL_SETTLEMENT_5,2010,Rural,1463256,17607.79,DEGURBA
KL,KL_SETTLEMENT_6,2010,Urban Cluster,6522726,5846.09,DEGURBA
KL,KL_SETTLEMENT_7,2010,Urban Cluster,2020354,13878.85,DEGURBA
KL,KL_SETTLEMENT_8,2010,Urban Centre,6352266,12369.92,DEGURBA
KL,KL_SETTLEMENT_9,2010,Urban Cluster,6198118,13983.83,DEGURBA
KL,KL_SETTLEMENT_10,2010,Urban Centre,4903148,13047.2,DEGURBA
KL,KL_SETTLEMENT_11,2010,Urban Centre,4385489,16452.7,DEGURBA
KL,KL_SETTLEMENT_0,2011,Urban Cluster,2001349,14052.77,DEGURBA
KL,KL_SETTLEMENT_1,2011,Rural,2774597,13984.27,DEGURBA
KL,KL_SETTLEMENT_2,2011,New Urbanising Settlement,3295302,3652.89,DEGURBA
KL,KL_SETTLEMENT_3,2011,Urban Cluster,1330146,11740.86,DEGURBA
KL,KL_SETTLEMENT_4,2011,Urban Centre,2935449,7018.55,DEGURBA
KL,KL_SETTLEMENT_5,2011,New Urbanising Settlement,2193099,18005.72,DEGURBA
KL,KL_SETTLEMENT_6,2011,Urban Centre,371014,14316.58,DEGURBA
KL,KL_SETTLEMENT_7,2011,New Urbanising Settlement,5472744,1484.5,DEGURBA
KL,KL_SETTLEMENT_8,2011,Rural,873591,1556.81,DEGURBA
KL,KL_SETTLEMENT_9,2011,Urban Cluster,7386847,15893.23,DEGURBA
KL,KL_SETTLEMENT_10,2011,Urban Cluster,5242334,1856.54,DEGURBA
KL,KL_SETTLEMENT_11,2011,Rural,1393963,6094.85,DEGURBA
KL,KL_SETTLEMENT_0,2012,New Urbanising Settlement,3794508,5309.27,DEGURBA
KL,KL_SETTLEMENT_1,2012,Urban Centre,6951019,14669.09,DEGURBA
KL,KL_SETTLEMENT_2,2012,Urban Cluster,441211,9157.01,DEGURBA
KL,KL_SETTLEMENT_3,2012,New Urbanising Settlement,5289326,16090.46,DEGURBA
KL,KL_SETTLEMENT_4,2012,Rural,6289702,18051.4,DEGURBA
KL,KL_SETTLEMENT_5,2012,Urban Centre,3509214,18840.23,DEGURBA
KL,KL_SETTLEMENT_6,2012,Rural,4707898,11613.91,DEGURBA
KL,KL_SETTLEMENT_7,2012,Urban Centre,7073172,6597.16,DEGURBA
KL,KL_SETTLEMENT_8,2012,New Urbanising Settlement,5480964,1100.46,DEGURBA
KL,KL_SETTLEMENT_9,2012,Rural,1587978,14494.09,DEGURBA
KL,KL_SETTLEMENT_10,2012,Urban Cluster,5807944,3166.36,DEGURBA
KL,KL_SETTLEMENT_11,2012,Urban Cluster,7237716,3701.89,DEGURBA
KL,KL_SETTLEMENT_0,2013,Urban Cluster,7210057,3327.34,DEGURBA
KL,KL_SETTLEMENT_1,2013,New Urbanising Settlement,1309862,4766.57,DEGURBA
KL,KL_SETTLEMENT_2,2013,Rural,111745,17047.95,DEGURBA
KL,KL_SETTLEMENT_3,2013,New Urbanising Settlement,5194068,675.12,DEGURBA
KL,KL_SETTLEMENT_4,2013,Rural,3911344,1873.96,DEGURBA
KL,KL_SETTLEMENT_5,2013,Urban Cluster,6490355,11844.61,DEGURBA
KL,KL_SETTLEMENT_6,2013,New Urbanising Settlement,7913976,11361.61,DEGURBA
KL,KL_SETTLEMENT_7,2013,Urban Cluster,5090291,16037.85,DEGURBA
KL,KL_SETTLEMENT_8,2013,Rural,5764236,17514.0,DEGURBA
KL,KL_SETTLEMENT_9,2013,Urban Cluster,4259970,6650.21,DEGURBA
KL,KL_SETTLEMENT_10,2013,Urban Cluster,5879893,13097.73,DEGURBA
KL,KL_SETTLEMENT_11,2013,Rural,891837,9295.06,DEGURBA
KL,KL_SETTLEMENT_0,2014,New Urbanising Settlement,4685009,3524.0,DEGURBA
KL,KL_SETTLEMENT_1,2014,Urban Cluster,7889935,1651.67,DEGURBA
KL,KL_SETTLEMENT_2,2014,Urban Centre,2225883,859.05,DEGURBA
KL,KL_SETTLEMENT_3,2014,Urban Centre,3233518,6418.99,DEGURBA
KL,KL_SETTLEMENT_4,2014,Rural,1526267,15051.66,DEGURBA
KL,KL_SETTLEMENT_5,2014,Urban Centre,5715092,13814.58,DEGURBA
KL,KL_SETTLEMENT_6,2014,Rural,827590,10334.19,DEGURBA
KL,KL_SETTLEMENT_7,2014,Urban Centre,4870060,939.56,DEGURBA
KL,KL_SETTLEMENT_8,2014,Urban Cluster,3729055,17117.57,DEGURBA
KL,KL_SETTLEMENT_9,2014,Urban Centre,2129420,5682.04,DEGURBA
KL,KL_SETTLEMENT_10,2014,New Urbanising Settlement,7934441,13669.26,DEGURBA
KL,KL_SETTLEMENT_11,2014,Urban Cluster,3775555,1013.11,DEGURBA
KL,KL_SETTLEMENT_0,2015,Urban Centre,5177186,6636.02,DEGURBA
KL,KL_SETTLEMENT_1,2015,Urban Cluster,2645401,5445.63,DEGURBA
KL,KL_SETTLEMENT_2,2015,Urban Cluster,7940443,4077.34,DEGURBA
KL,KL_SETTLEMENT_3,2015,New Urbanising Settlement,3682020,18692.29,DEGURBA
KL,KL_SETTLEMENT_4,2015,Urban Cluster,3991246,4247.19,DEGURBA
KL,KL_SETTLEMENT_5,2015,Urban Centre,5907339,9343.11,DEGURBA
KL,KL_SETTLEMENT_6,2015,Urban Centre,2740603,6928.89,DEGURBA
KL,KL_SETTLEMENT_7,2015,Rural,1604333,6705.63,DEGURBA
KL,KL_SETTLEMENT_8,2015,Urban Cluster,4747828,8997.36,DEGURBA
KL,KL_SETTLEMENT_9,2015,New Urbanising Settlement,88299,15617.31,DEGURBA
KL,KL_SETTLEMENT_10,2015,New Urbanising Settlement,2795692,18577.02,DEGURBA
KL,KL_SETTLEMENT_11,2015,New Urbanising Settlement,6777695,8592.39,DEGURBA
KL,KL_SETTLEMENT_0,2016,Rural,4907940,17610.57,DEGURBA
KL,KL_SETTLEMENT_1,2016,New Urbanising Settlement,2553120,17257.2,DEGURBA
KL,KL_SETTLEMENT_2,2016,Rural,3287072,7489.05,DEGURBA
KL,KL_SETTLEMENT_3,2016,New Urbanising Settlement,5296642,6672.2,DEGURBA
KL,KL_SETTLEMENT_4,2016,Urban Cluster,3098337,705.84,DEGURBA
KL,KL_SETTLEMENT_5,2016,Urban Centre,1952100,821.71,DEGURBA
KL,KL_SETTLEMENT_6,2016,Urban Centre,5204540,3618.28,DEGURBA
KL,KL_SETTLEMENT_7,2016,Urban Centre,5014633,17576.45,DEGURBA
KL,KL_SETTLEMENT_8,2016,New Urbanising Settlement,2328426,5621.2,DEGURBA
KL,KL_SETTLEMENT_9,2016,Urban Centre,1721706,3013.72,DEGURBA
KL,KL_SETTLEMENT_10,2016,New Urbanising Settlement,5635065,11015.71,DEGURBA
KL,KL_SETTLEMENT_11,2016,Urban Cluster,4554349,13646.73,DEGURBA
KL,KL_SETTLEMENT_0,2017,New Urbanising Settlement,4783188,15485.38,DEGURBA
KL,KL_SETTLEMENT_1,2017,Rural,5200084,2492.94,DEGURBA
KL,KL_SETTLEMENT_2,2017,Urban Centre,5114664,4240.56,DEGURBA
KL,KL_SETTLEMENT_3,2017,Rural,7346777,1866.57,DEGURBA
KL,KL_SETTLEMENT_4,2017,New Urbanising Settlement,221769,1798.32,DEGURBA
KL,KL_SETTLEMENT_5,2017,New Urbanising Settlement,4086883,18384.59,DEGURBA
KL,KL_SETTLEMENT_6,2017,Urban Centre,1404726,8634.27,DEGURBA
KL,KL_SETTLEMENT_7,2017,Urban Cluster,7025125,4585.5,DEGURBA
KL,KL_SETTLEMENT_8,2017,New Urbanising Settlement,693484,15410.81,DEGURBA
KL,KL_SETTLEMENT_9,2017,Urban Centre,5318915,6353.68,DEGURBA
KL,KL_SETTLEMENT_10,2017,New Urbanising Settlement,554690,4907.04,DEGURBA
KL,KL_SETTLEMENT_11,2017,New Urbanising Settlement,5615387,7865.19,DEGURBA
KL,KL_SETTLEMENT_0,2018,Urban Cluster,7519092,8173.49,DEGURBA
KL,KL_SETTLEMENT_1,2018,Urban Cluster,674220,6003.62,DEGURBA
KL,KL_SETTLEMENT_2,2018,Urban Centre,4255739,1505.63,DEGURBA
KL,KL_SETTLEMENT_3,2018,Urban Cluster,4147111,17015.0,DEGURBA
KL,KL_SETTLEMENT_4,2018,Urban Centre,4310188,4956.86,DEGURBA
KL,KL_SETTLEMENT_5,2018,Urban Centre,4997176,14952.44,DEGURBA
KL,KL_SETTLEMENT_6,2018,New Urbanising Settlement,5652742,6249.52,DEGURBA
KL,KL_SETTLEMENT_7,2018,Rural,5744413,14371.73,DEGURBA
KL,KL_SETTLEMENT_8,2018,Urban Centre,3148053,10507.88,DEGURBA
KL,KL_SETTLEMENT_9,2018,Urban Centre,3880886,10341.45,DEGURBA
KL,KL_SETTLEMENT_10,2018,Urban Cluster,5888357,18946.63,DEGURBA
KL,KL_SETTLEMENT_11,2018,Urban Cluster,7444071,12697.07,DEGURBA
KL,KL_SETTLEMENT_0,2019,Urban Centre,1680074,17828.19,DEGURBA
KL,KL_SETTLEMENT_1,2019,Rural,2925578,19312.19,DEGURBA
KL,KL_SETTLEMENT_2,2019,Rural,1423038,4668.56,DEGURBA
KL,KL_SETTLEMENT_3,2019,Urban Cluster,5271532,19495.74,DEGURBA
KL,KL_SETTLEMENT_4,2019,Urban Centre,6489158,9558.76,DEGURBA
KL,KL_SETTLEMENT_5,2019,Rural,2682482,10536.56,DEGURBA
KL,KL_SETTLEMENT_6,2019,New Urbanising Settlement,6447845,1084.27,DEGURBA
KL,KL_SETTLEMENT_7,2019,Urban Cluster,7557088,7950.43,DEGURBA
KL,KL_SETTLEMENT_8,2019,Urban Centre,1134717,4316.14,DEGURBA
KL,KL_SETTLEMENT_9,2019,New Urbanising Settlement,5647136,19748.85,DEGURBA
KL,KL_SETTLEMENT_10,2019,Urban Centre,4260245,19868.68,DEGURBA
KL,KL_SETTLEMENT_11,2019,Rural,6695021,9892.88,DEGURBA
KL,KL_SETTLEMENT_0,2020,New Urbanising Settlement,5814759,2386.77,DEGURBA
KL,KL_SETTLEMENT_1,2020,New Urbanising Settlement,7701005,16218.57,DEGURBA
KL,KL_SETTLEMENT_2,2020,Urban Cluster,6446649,14113.44,DEGURBA
KL,KL_SETTLEMENT_3,2020,Urban Cluster,5839986,5218.69,DEGURBA
KL,KL_SETTLEMENT_4,2020,Urban Centre,5511455,9304.48,DEGURBA
KL,KL_SETTLEMENT_5,2020,Rural,4823671,17335.23,DEGURBA
KL,KL_SETTLEMENT_6,2020,New Urbanising Settlement,692843,15056.19,DEGURBA
KL,KL_SETTLEMENT_7,2020,Urban Centre,763049,7761.06,DEGURBA
KL,KL_SETTLEMENT_8,2020,Rural,2337433,11772.5,DEGURBA
KL,KL_SETTLEMENT_9,2020,New Urbanising Settlement,5857390,2370.04,DEGURBA
KL,KL_SETTLEMENT_10,2020,Urban Centre,6309092,902.3,DEGURBA
KL,KL_SETTLEMENT_11,2020,Urban Cluster,2524128,937.21,DEGURBA
KL,KL_SETTLEMENT_0,2021,Rural,1399682,13969.97,DEGURBA
KL,KL_SETTLEMENT_1,2021,Rural,2342427,14629.46,DEGURBA
KL,KL_SETTLEMENT_2,2021,Urban Cluster,7411477,15982.26,DEGURBA
KL,KL_SETTLEMENT_3,2021,Urban Centre,7274583,18031.72,DEGURBA
KL,KL_SETTLEMENT_4,2021,New Urbanising Settlement,5089736,14555.14,DEGURBA
KL,KL_SETTLEMENT_5,2021,Urban Centre,2106628,3656.2,DEGURBA
KL,KL_SETTLEMENT_6,2021,Rural,3908881,7345.52,DEGURBA
KL,KL_SETTLEMENT_7,2021,New Urbanising Settlement,5540472,7646.52,DEGURBA
KL,KL_SETTLEMENT_8,2021,New Urbanising Settlement,1503345,19315.7,DEGURBA
KL,KL_SETTLEMENT_9,2021,Urban Cluster,2758596,11275.11,DEGURBA
KL,KL_SETTLEMENT_10,2021,Urban Cluster,7406314,18709.73,DEGURBA
KL,KL_SETTLEMENT_11,2021,Rural,4741662,12302.74,DEGURBA
KL,KL_SETTLEMENT_0,2022,Rural,750371,4495.28,DEGURBA
KL,KL_SETTLEMENT_1,2022,New Urbanising Settlement,7714169,12490.08,DEGURBA
KL,KL_SETTLEMENT_2,2022,Rural,4016179,7157.58,DEGURBA
KL,KL_SETTLEMENT_3,2022,New Urbanising Settlement,5310658,12914.25,DEGURBA
KL,KL_SETTLEMENT_4,2022,Urban Centre,4835058,18086.29,DEGURBA
KL,KL_SETTLEMENT_5,2022,New Urbanising Settlement,241424,2675.21,DEGURBA
KL,KL_SETTLEMENT_6,2022,Rural,5408629,17838.98,DEGURBA
KL,KL_SETTLEMENT_7,2022,Urban Centre,3958231,5920.97,DEGURBA
KL,KL_SETTLEMENT_8,2022,Urban Centre,7178404,9747.8,DEGURBA
KL,KL_SETTLEMENT_9,2022,Urban Cluster,4125116,12325.58,DEGURBA
KL,KL_SETTLEMENT_10,2022,New Urbanising Settlement,385457,16392.0,DEGURBA
KL,KL_SETTLEMENT_11,2022,Urban Cluster,2917951,10925.01,DEGURBA
KL,KL_SETTLEMENT_0,2023,Urban Cluster,3448419,14094.37,DEGURBA
KL,KL_SETTLEMENT_1,2023,Urban Centre,6799604,5897.53,DEGURBA
KL,KL_SETTLEMENT_2,2023,Urban Cluster,5308443,10651.91,DEGURBA
KL,KL_SETTLEMENT_3,2023,Rural,4030131,11461.96,DEGURBA
KL,KL_SETTLEMENT_4,2023,Urban Cluster,4962607,11485.75,DEGURBA
KL,KL_SETTLEMENT_5,2023,Urban Centre,5122980,13341.54,DEGURBA
KL,KL_SETTLEMENT_6,2023,Urban Cluster,5607151,17006.01,DEGURBA
KL,KL_SETTLEMENT_7,2023,Urban Cluster,6563170,14542.76,DEGURBA
KL,KL_SETTLEMENT_8,2023,Rural,6344363,11297.66,DEGURBA
KL,KL_SETTLEMENT_9,2023,Rural,51371,13178.69,DEGURBA
KL,KL_SETTLEMENT_10,2023,New Urbanising Settlement,5140448,9497.18,DEGURBA
KL,KL_SETTLEMENT_11,2023,Urban Cluster,6480763,18595.6,DEGURBA
KL,KL_SETTLEMENT_0,2024,Urban Centre,872414,6468.57,DEGURBA
KL,KL_SETTLEMENT_1,2024,New Urbanising Settlement,171587,16241.04,DEGURBA
KL,KL_SETTLEMENT_2,2024,Rural,7722957,18140.93,DEGURBA
KL,KL_SETTLEMENT_3,2024,New Urbanising Settlement,3665983,14177.46,DEGURBA
KL,KL_SETTLEMENT_4,2024,New Urbanising Settlement,244891,10828.88,DEGURBA
KL,KL_SETTLEMENT_5,2024,Urban Centre,1383284,4302.19,DEGURBA
KL,KL_SETTLEMENT_6,2024,Rural,1202961,13107.87,DEGURBA
KL,KL_SETTLEMENT_7,2024,Urban Centre,5698847,19484.21,DEGURBA
KL,KL_SETTLEMENT_8,2024,Urban Cluster,2694389,2409.62,DEGURBA
KL,KL_SETTLEMENT_9,2024,Rural,6326310,12889.65,DEGURBA
KL,KL_SETTLEMENT_10,2024,New Urbanising Settlement,4078184,2425.61,DEGURBA
KL,KL_SETTLEMENT_11,2024,Urban Centre,5478185,4009.74,DEGURBA
KL,KL_SETTLEMENT_0,2025,New Urbanising Settlement,4942410,19298.69,DEGURBA
KL,KL_SETTLEMENT_1,2025,New Urbanising Settlement,1246439,2259.4,DEGURBA
KL,KL_SETTLEMENT_2,2025,New Urbanising Settlement,6326821,14003.4,DEGURBA
KL,KL_SETTLEMENT_3,2025,New Urbanising Settlement,1557906,17770.67,DEGURBA
KL,KL_SETTLEMENT_4,2025,Urban Centre,1428249,11245.51,DEGURBA
KL,KL_SETTLEMENT_5,2025,Urban Cluster,4450732,6090.77,DEGURBA
KL,KL_SETTLEMENT_6,2025,New Urbanising Settlement,6774134,8904.92,DEGURBA
KL,KL_SETTLEMENT_7,2025,Rural,6801548,1530.27,DEGURBA
KL,KL_SETTLEMENT_8,2025,Rural,2400497,4117.52,DEGURBA
KL,KL_SETTLEMENT_9,2025,Urban Cluster,4118475,12113.07,DEGURBA
KL,KL_SETTLEMENT_10,2025,New Urbanising Settlement,5329331,7885.98,DEGURBA
KL,KL_SETTLEMENT_11,2025,Urban Cluster,4299282,16717.92,DEGURBA
KA,KA_SETTLEMENT_0,2005,Urban Cluster,3465076,19757.91,DEGURBA
KA,KA_SETTLEMENT_1,2005,Urban Cluster,2848353,13061.7,DEGURBA
KA,KA_SETTLEMENT_2,2005,Urban Centre,5724828,13136.13,DEGURBA
KA,KA_SETTLEMENT_3,2005,Urban Centre,3514605,18860.67,DEGURBA
KA,KA_SETTLEMENT_4,2005,Urban Centre,7659619,5787.14,DEGURBA
KA,KA_SETTLEMENT_5,2005,Rural,3206647,9124.22,DEGURBA
KA,KA_SETTLEMENT_6,2005,Urban Cluster,6175640,3317.57,DEGURBA
KA,KA_SETTLEMENT_7,2005,Urban Cluster,4561274,18209.47,DEGURBA
KA,KA_SETTLEMENT_8,2005,New Urbanising Settlement,3021181,5752.51,DEGURBA
KA,KA_SETTLEMENT_9,2005,Urban Centre,2121659,13738.54,DEGURBA
KA,KA_SETTLEMENT_10,2005,Rural,471401,18208.86,DEGURBA
KA,KA_SETTLEMENT_11,2005,Rural,5607216,12984.57,DEGURBA
KA,KA_SETTLEMENT_0,2006,Rural,4520964,1106.37,DEGURBA
KA,KA_SETTLEMENT_1,2006,Urban Centre,7153378,12633.16,DEGURBA
KA,KA_SETTLEMENT_2,2006,New Urbanising Settlement,1998729,10839.66,DEGURBA
KA,KA_SETTLEMENT_3,2006,Urban Centre,2766728,1312.95,DEGURBA
KA,KA_SETTLEMENT_4,2006,Urban Centre,4249397,15340.06,DEGURBA
KA,KA_SETTLEMENT_5,2006,Urban Centre,6411911,15448.21,DEGURBA
KA,KA_SETTLEMENT_6,2006,Rural,576719,19512.89,DEGURBA
KA,KA_SETTLEMENT_7,2006,Urban Centre,3097270,1696.8,DEGURBA
KA,KA_SETTLEMENT_8,2006,Urban Centre,7747505,5931.09,DEGURBA
KA,KA_SETTLEMENT_9,2006,New Urbanising Settlement,3197301,6894.6,DEGURBA
KA,KA_SETTLEMENT_10,2006,Urban Centre,1704963,2209.78,DEGURBA
KA,KA_SETTLEMENT_11,2006,New Urbanising Settlement,2116722,8675.35,DEGURBA
KA,KA_SETTLEMENT_0,2007,New Urbanising Settlement,1744721,12981.57,DEGURBA
KA,KA_SETTLEMENT_1,2007,New Urbanising Settlement,1552439,14389.92,DEGURBA
KA,KA_SETTLEMENT_2,2007,Urban Cluster,2588016,16130.26,DEGURBA
KA,KA_SETTLEMENT_3,2007,Urban Centre,1160703,7320.81,DEGURBA
KA,KA_SETTLEMENT_4,2007,Urban Centre,7756896,10437.56,DEGURBA
KA,KA_SETTLEMENT_5,2007,Urban Cluster,3125844,18918.09,DEGURBA
KA,KA_SETTLEMENT_6,2007,Urban Cluster,575073,18079.66,DEGURBA
KA,KA_SETTLEMENT_7,2007,New Urbanising Settlement,2493322,16487.97,DEGURBA
KA,KA_SETTLEMENT_8,2007,Urban Cluster,6982685,955.01,DEGURBA
KA,KA_SETTLEMENT_9,2007,Urban Centre,7545261,5749.25,DEGURBA
KA,KA_SETTLEMENT_10,2007,Urban Cluster,1897552,11190.69,DEGURBA
KA,KA_SETTLEMENT_11,2007,Rural,5204869,18656.18,DEGURBA
KA,KA_SETTLEMENT_0,2008,Urban Cluster,188195,14742.06,DEGURBA
KA,KA_SETTLEMENT_1,2008,Urban Cluster,7430297,12166.36,DEGURBA
KA,KA_SETTLEMENT_2,2008,Urban Centre,1941736,4167.13,DEGURBA
KA,KA_SETTLEMENT_3,2008,New Urbanising Settlement,6275549,8916.34,DEGURBA
KA,KA_SETTLEMENT_4,2008,New Urbanising Settlement,2977944,17088.07,DEGURBA
KA,KA_SETTLEMENT_5,2008,Urban Centre,4292166,12044.4,DEGURBA
KA,KA_SETTLEMENT_6,2008,Rural,6912605,8166.06,DEGURBA
KA,KA_SETTLEMENT_7,2008,Urban Centre,6558540,7357.21,DEGURBA
KA,KA_SETTLEMENT_8,2008,New Urbanising Settlement,642173,483.7,DEGURBA
KA,KA_SETTLEMENT_9,2008,Urban Centre,6501807,6517.07,DEGURBA
KA,KA_SETTLEMENT_10,2008,Urban Centre,2314842,6428.23,DEGURBA
KA,KA_SETTLEMENT_11,2008,Rural,7050726,13832.78,DEGURBA
KA,KA_SETTLEMENT_0,2009,Rural,7066520,12145.21,DEGURBA
KA,KA_SETTLEMENT_1,2009,Urban Cluster,4059613,7591.44,DEGURBA
KA,KA_SETTLEMENT_2,2009,New Urbanising Settlement,662844,1461.32,DEGURBA
KA,KA_SETTLEMENT_3,2009,Urban Centre,6607201,16541.24,DEGURBA
KA,KA_SETTLEMENT_4,2009,Urban Cluster,1205439,11423.02,DEGURBA
KA,KA_SETTLEMENT_5,2009,Rural,357780,5578.41,DEGURBA
KA,KA_SETTLEMENT_6,2009,Urban Cluster,7362889,1838.09,DEGURBA
KA,KA_SETTLEMENT_7,2009,Urban Centre,3375186,17702.59,DEGURBA
KA,KA_SETTLEMENT_8,2009,Urban Cluster,990452,12401.81,DEGURBA
KA,KA_SETTLEMENT_9,2009,Rural,2225459,14364.14,DEGURBA
KA,KA_SETTLEMENT_10,2009,Rural,3856844,11810.4,DEGURBA
KA,KA_SETTLEMENT_11,2009,New Urbanising Settlement,1253036,16113.37,DEGURBA
KA,KA_SETTLEMENT_0,2010,Urban Cluster,6435177,15947.44,DEGURBA
KA,KA_SETTLEMENT_1,2010,Rural,7173200,2883.79,DEGURBA
KA,KA_SETTLEMENT_2,2010,Urban Cluster,2029249,14772.69,DEGURBA
KA,KA_SETTLEMENT_3,2010,New Urbanising Settlement,4539075,4775.71,DEGURBA
KA,KA_SETTLEMENT_4,2010,New Urbanising Settlement,6129752,2126.17,DEGURBA
KA,KA_SETTLEMENT_5,2010,Urban Centre,775602,13327.86,DEGURBA
KA,KA_SETTLEMENT_6,2010,Urban Centre,7908457,6403.83,DEGURBA
KA,KA_SETTLEMENT_7,2010,Urban Cluster,669945,7881.02,DEGURBA
KA,KA_SETTLEMENT_8,2010,Rural,7683614,3419.6,DEGURBA
KA,KA_SETTLEMENT_9,2010,Urban Centre,5237674,4609.34,DEGURBA
KA,KA_SETTLEMENT_10,2010,Urban Cluster,3917495,13707.57,DEGURBA
KA,KA_SETTLEMENT_11,2010,Urban Cluster,4880364,15972.5,DEGURBA
KA,KA_SETTLEMENT_0,2011,Rural,2007587,16950.58,DEGURBA
KA,KA_SETTLEMENT_1,2011,Rural,6333688,10209.81,DEGURBA
KA,KA_SETTLEMENT_2,2011,Urban Cluster,1470812,6575.27,DEGURBA
KA,KA_SETTLEMENT_3,2011,Urban Cluster,2246970,10014.15,DEGURBA
KA,KA_SETTLEMENT_4,2011,Rural,3219194,19022.78,DEGURBA
KA,KA_SETTLEMENT_5,2011,Urban Cluster,2244776,4001.79,DEGURBA
KA,KA_SETTLEMENT_6,2011,New Urbanising Settlement,7636176,19660.2,DEGURBA
KA,KA_SETTLEMENT_7,2011,Urban Centre,674462,15717.7,DEGURBA
KA,KA_SETTLEMENT_8,2011,Rural,2705259,17309.1,DEGURBA
KA,KA_SETTLEMENT_9,2011,Urban Centre,6128272,3901.32,DEGURBA
KA,KA_SETTLEMENT_10,2011,Urban Centre,5810465,14979.9,DEGURBA
KA,KA_SETTLEMENT_11,2011,New Urbanising Settlement,2012428,13007.83,DEGURBA
KA,KA_SETTLEMENT_0,2012,Urban Cluster,5998539,7024.53,DEGURBA
KA,KA_SETTLEMENT_1,2012,New Urbanising Settlement,6437719,10951.65,DEGURBA
KA,KA_SETTLEMENT_2,2012,New Urbanising Settlement,4675967,228.23,DEGURBA
KA,KA_SETTLEMENT_3,2012,Urban Centre,179798,15084.0,DEGURBA
KA,KA_SETTLEMENT_4,2012,New Urbanising Settlement,1307974,7031.41,DEGURBA
KA,KA_SETTLEMENT_5,2012,Urban Centre,5581518,7327.48,DEGURBA
KA,KA_SETTLEMENT_6,2012,New Urbanising Settlement,7010811,11336.49,DEGURBA
KA,KA_SETTLEMENT_7,2012,Rural,6649288,1784.82,DEGURBA
KA,KA_SETTLEMENT_8,2012,Urban Cluster,3180391,388.22,DEGURBA
KA,KA_SETTLEMENT_9,2012,Urban Centre,1661139,10402.06,DEGURBA
KA,KA_SETTLEMENT_10,2012,New Urbanising Settlement,146981,1348.35,DEGURBA
KA,KA_SETTLEMENT_11,2012,Rural,505841,7116.68,DEGURBA
KA,KA_SETTLEMENT_0,2013,Urban Cluster,1469677,7352.21,DEGURBA
KA,KA_SETTLEMENT_1,2013,Urban Centre,411557,17179.55,DEGURBA
KA,KA_SETTLEMENT_2,2013,Rural,7863001,533.3,DEGURBA
KA,KA_SETTLEMENT_3,2013,Urban Cluster,3720828,13159.54,DEGURBA
KA,KA_SETTLEMENT_4,2013,Urban Cluster,4911063,8753.35,DEGURBA
KA,KA_SETTLEMENT_5,2013,New Urbanising Settlement,6417448,11844.24,DEGURBA
KA,KA_SETTLEMENT_6,2013,New Urbanising Settlement,6541626,8383.59,DEGURBA
KA,KA_SETTLEMENT_7,2013,Urban Cluster,4266180,1947.99,DEGURBA
KA,KA_SETTLEMENT_8,2013,Urban Cluster,7377894,3262.57,DEGURBA
KA,KA_SETTLEMENT_9,2013,Urban Centre,4638128,10679.26,DEGURBA
KA,KA_SETTLEMENT_10,2013,Urban Centre,5419846,1649.98,DEGURBA
KA,KA_SETTLEMENT_11,2013,Urban Centre,7552563,10624.67,DEGURBA
KA,KA_SETTLEMENT_0,2014,Rural,487793,14745.52,DEGURBA
KA,KA_SETTLEMENT_1,2014,New Urbanising Settlement,7352723,5055.35,DEGURBA
KA,KA_SETTLEMENT_2,2014,Rural,6050000,12843.74,DEGURBA
KA,KA_SETTLEMENT_3,2014,Urban Cluster,5906326,2908.14,DEGURBA
KA,KA_SETTLEMENT_4,2014,Urban Cluster,6894140,9608.74,DEGURBA
KA,KA_SETTLEMENT_5,2014,Urban Centre,4063644,2631.97,DEGURBA
KA,KA_SETTLEMENT_6,2014,New Urbanising Settlement,1091707,5774.4,DEGURBA
KA,KA_SETTLEMENT_7,2014,New Urbanising Settlement,2506219,8329.59,DEGURBA
KA,KA_SETTLEMENT_8,2014,New Urbanising Settlement,7989725,14078.39,DEGURBA
KA,KA_SETTLEMENT_9,2014,Urban Cluster,3033476,6894.17,DEGURBA
KA,KA_SETTLEMENT_10,2014,New Urbanising Settlement,1809938,17388.34,DEGURBA
KA,KA_SETTLEMENT_11,2014,Rural,1755759,7418.49,DEGURBA
KA,KA_SETTLEMENT_0,2015,Urban Cluster,612415,11892.09,DEGURBA
KA,KA_SETTLEMENT_1,2015,Urban Centre,389287,5074.85,DEGURBA
KA,KA_SETTLEMENT_2,2015,Urban Cluster,4817249,12236.6,DEGURBA
KA,KA_SETTLEMENT_3,2015,Urban Centre,6122984,10214.51,DEGURBA
KA,KA_SETTLEMENT_4,2015,Urban Cluster,946056,19134.18,DEGURBA
KA,KA_SETTLEMENT_5,2015,New Urbanising Settlement,217991,8224.08,DEGURBA
KA,KA_SETTLEMENT_6,2015,Rural,122278,19003.94,DEGURBA
KA,KA_SETTLEMENT_7,2015,Urban Centre,4112248,8327.84,DEGURBA
KA,KA_SETTLEMENT_8,2015,Urban Cluster,7501291,13728.88,DEGURBA
KA,KA_SETTLEMENT_9,2015,Rural,6266600,12054.72,DEGURBA
KA,KA_SETTLEMENT_10,2015,Rural,849032,12019.81,DEGURBA
KA,KA_SETTLEMENT_11,2015,Urban Centre,7810956,14365.93,DEGURBA
KA,KA_SETTLEMENT_0,2016,Urban Centre,5496372,5346.35,DEGURBA
KA,KA_SETTLEMENT_1,2016,New Urbanising Settlement,3050868,13290.85,DEGURBA
KA,KA_SETTLEMENT_2,2016,Urban Cluster,3854621,14141.17,DEGURBA
KA,KA_SETTLEMENT_3,2016,Urban Cluster,5416582,7977.59,DEGURBA
KA,KA_SETTLEMENT_4,2016,New Urbanising Settlement,2586158,5245.39,DEGURBA
KA,KA_SETTLEMENT_5,2016,Urban Cluster,3770849,13913.03,DEGURBA
KA,KA_SETTLEMENT_6,2016,New Urbanising Settlement,5712931,18768.29,DEGURBA
KA,KA_SETTLEMENT_7,2016,New Urbanising Settlement,1012803,17178.61,DEGURBA
KA,KA_SETTLEMENT_8,2016,New Urbanising Settlement,1726874,8290.38,DEGURBA
KA,KA_SETTLEMENT_9,2016,Urban Cluster,5308776,3329.61,DEGURBA
KA,KA_SETTLEMENT_10,2016,Rural,893767,15740.85,DEGURBA
KA,KA_SETTLEMENT_11,2016,Rural,1050449,18424.73,DEGURBA
KA,KA_SETTLEMENT_0,2017,New Urbanising Settlement,6432799,5564.88,DEGURBA
KA,KA_SETTLEMENT_1,2017,Urban Cluster,165066,3164.57,DEGURBA
KA,KA_SETTLEMENT_2,2017,Urban Centre,947439,3558.56,DEGURBA
KA,KA_SETTLEMENT_3,2017,Urban Cluster,3739891,4644.71,DEGURBA
KA,KA_SETTLEMENT_4,2017,Rural,7373647,9733.57,DEGURBA
KA,KA_SETTLEMENT_5,2017,New Urbanising Settlement,4757654,14642.99,DEGURBA
KA,KA_SETTLEMENT_6,2017,Rural,5538229,6980.96,DEGURBA
KA,KA_SETTLEMENT_7,2017,New Urbanising Settlement,3043406,5842.37,DEGURBA
KA,KA_SETTLEMENT_8,2017,New Urbanising Settlement,3150093,16349.31,DEGURBA
KA,KA_SETTLEMENT_9,2017,New Urbanising Settlement,6472382,1827.59,DEGURBA
KA,KA_SETTLEMENT_10,2017,Urban Cluster,4476218,8602.66,DEGURBA
KA,KA_SETTLEMENT_11,2017,Urban Cluster,3010829,7573.99,DEGURBA
KA,KA_SETTLEMENT_0,2018,Rural,1108754,6159.53,DEGURBA
KA,KA_SETTLEMENT_1,2018,New Urbanising Settlement,6003089,7718.94,DEGURBA
KA,KA_SETTLEMENT_2,2018,Rural,6157561,3170.48,DEGURBA
KA,KA_SETTLEMENT_3,2018,Rural,2361747,4403.97,DEGURBA
KA,KA_SETTLEMENT_4,2018,Rural,6753500,12425.55,DEGURBA
KA,KA_SETTLEMENT_5,2018,Urban Cluster,2554640,6351.94,DEGURBA
KA,KA_SETTLEMENT_6,2018,Urban Centre,5807512,19081.35,DEGURBA
KA,KA_SETTLEMENT_7,2018,New Urbanising Settlement,971978,13527.64,DEGURBA
KA,KA_SETTLEMENT_8,2018,New Urbanising Settlement,5138581,9953.67,DEGURBA
KA,KA_SETTLEMENT_9,2018,New Urbanising Settlement,5449369,9524.95,DEGURBA
KA,KA_SETTLEMENT_10,2018,Urban Cluster,3092891,9321.84,DEGURBA
KA,KA_SETTLEMENT_11,2018,Urban Centre,3202100,18129.72,DEGURBA
KA,KA_SETTLEMENT_0,2019,Rural,1337883,18504.99,DEGURBA
KA,KA_SETTLEMENT_1,2019,Urban Centre,231283,1578.8,DEGURBA
KA,KA_SETTLEMENT_2,2019,New Urbanising Settlement,3701608,11599.63,DEGURBA
KA,KA_SETTLEMENT_3,2019,New Urbanising Settlement,899737,9526.38,DEGURBA
KA,KA_SETTLEMENT_4,2019,New Urbanising Settlement,6330474,12532.95,DEGURBA
KA,KA_SETTLEMENT_5,2019,Rural,1347894,11718.62,DEGURBA
KA,KA_SETTLEMENT_6,2019,New Urbanising Settlement,4040541,9039.62,DEGURBA
KA,KA_SETTLEMENT_7,2019,Urban Centre,826079,15785.03,DEGURBA
KA,KA_SETTLEMENT_8,2019,Rural,4876555,10994.78,DEGURBA
KA,KA_SETTLEMENT_9,2019,New Urbanising Settlement,4493762,12712.27,DEGURBA
KA,KA_SETTLEMENT_10,2019,New Urbanising Settlement,1904791,13667.94,DEGURBA
KA,KA_SETTLEMENT_11,2019,Rural,5267447,19233.33,DEGURBA
KA,KA_SETTLEMENT_0,2020,Rural,1458795,12697.25,DEGURBA
KA,KA_SETTLEMENT_1,2020,New Urbanising Settlement,6268586,3386.92,DEGURBA
KA,KA_SETTLEMENT_2,2020,Urban Centre,7457914,13299.22,DEGURBA
KA,KA_SETTLEMENT_3,2020,New Urbanising Settlement,4543294,7776.29,DEGURBA
KA,KA_SETTLEMENT_4,2020,Rural,4376278,16312.22,DEGURBA
KA,KA_SETTLEMENT_5,2020,Urban Cluster,1391236,9122.3,DEGURBA
KA,KA_SETTLEMENT_6,2020,Urban Centre,4994687,11013.66,DEGURBA
KA,KA_SETTLEMENT_7,2020,Urban Cluster,4216219,10430.19,DEGURBA
KA,KA_SETTLEMENT_8,2020,Urban Centre,2745265,1281.51,DEGURBA
KA,KA_SETTLEMENT_9,2020,Urban Centre,1012921,2010.05,DEGURBA
KA,KA_SETTLEMENT_10,2020,New Urbanising Settlement,3462702,7784.16,DEGURBA
KA,KA_SETTLEMENT_11,2020,Urban Centre,3218289,19281.01,DEGURBA
KA,KA_SETTLEMENT_0,2021,Urban Centre,4595286,6854.97,DEGURBA
KA,KA_SETTLEMENT_1,2021,New Urbanising Settlement,2375231,10768.32,DEGURBA
KA,KA_SETTLEMENT_2,2021,Urban Cluster,6194563,12623.42,DEGURBA
KA,KA_SETTLEMENT_3,2021,Rural,4124500,15310.85,DEGURBA
KA,KA_SETTLEMENT_4,2021,New Urbanising Settlement,6161393,10292.51,DEGURBA
KA,KA_SETTLEMENT_5,2021,Urban Cluster,4885896,18187.23,DEGURBA
KA,KA_SETTLEMENT_6,2021,New Urbanising Settlement,60210,12238.17,DEGURBA
KA,KA_SETTLEMENT_7,2021,Rural,4518421,6116.64,DEGURBA
KA,KA_SETTLEMENT_8,2021,New Urbanising Settlement,1079159,3818.92,DEGURBA
KA,KA_SETTLEMENT_9,2021,Urban Cluster,94257,14940.87,DEGURBA
KA,KA_SETTLEMENT_10,2021,Rural,2214176,19638.99,DEGURBA
KA,KA_SETTLEMENT_11,2021,Urban Cluster,7425900,17040.34,DEGURBA
KA,KA_SETTLEMENT_0,2022,Urban Centre,3426101,10198.23,DEGURBA
KA,KA_SETTLEMENT_1,2022,Urban Cluster,4603959,10950.34,DEGURBA
KA,KA_SETTLEMENT_2,2022,Urban Cluster,1975132,16393.91,DEGURBA
KA,KA_SETTLEMENT_3,2022,Urban Centre,4331625,17003.64,DEGURBA
KA,KA_SETTLEMENT_4,2022,New Urbanising Settlement,2841506,5563.54,DEGURBA
KA,KA_SETTLEMENT_5,2022,Urban Cluster,1710950,7415.65,DEGURBA
KA,KA_SETTLEMENT_6,2022,Rural,2735427,16144.36,DEGURBA
KA,KA_SETTLEMENT_7,2022,Urban Centre,4518946,8847.11,DEGURBA
KA,KA_SETTLEMENT_8,2022,New Urbanising Settlement,2144682,1245.11,DEGURBA
KA,KA_SETTLEMENT_9,2022,Rural,4851828,12613.57,DEGURBA
KA,KA_SETTLEMENT_10,2022,Urban Centre,2999297,1343.77,DEGURBA
KA,KA_SETTLEMENT_11,2022,Rural,7954886,4257.28,DEGURBA
KA,KA_SETTLEMENT_0,2023,Urban Cluster,2164298,8417.9,DEGURBA
KA,KA_SETTLEMENT_1,2023,Urban Cluster,3863234,12692.03,DEGURBA
KA,KA_SETTLEMENT_2,2023,Rural,2586324,3919.96,DEGURBA
KA,KA_SETTLEMENT_3,2023,Urban Cluster,7450926,17795.64,DEGURBA
KA,KA_SETTLEMENT_4,2023,New Urbanising Settlement,2162536,8394.21,DEGURBA
KA,KA_SETTLEMENT_5,2023,New Urbanising Settlement,3172011,5292.83,DEGURBA
KA,KA_SETTLEMENT_6,2023,Urban Cluster,4062167,3802.44,DEGURBA
KA,KA_SETTLEMENT_7,2023,Urban Centre,528743,1175.75,DEGURBA
KA,KA_SETTLEMENT_8,2023,New Urbanising Settlement,3920160,11706.73,DEGURBA
KA,KA_SETTLEMENT_9,2023,Urban Centre,409982,8577.74,DEGURBA
KA,KA_SETTLEMENT_10,2023,New Urbanising Settlement,861306,9769.7,DEGURBA
KA,KA_SETTLEMENT_11,2023,Urban Cluster,5918384,9937.52,DEGURBA
KA,KA_SETTLEMENT_0,2024,Urban Centre,7477677,11419.79,DEGURBA
KA,KA_SETTLEMENT_1,2024,Rural,4247859,3081.68,DEGURBA
KA,KA_SETTLEMENT_2,2024,Urban Centre,3864950,635.02,DEGURBA
KA,KA_SETTLEMENT_3,2024,Urban Centre,4670278,8434.63,DEGURBA
KA,KA_SETTLEMENT_4,2024,Urban Cluster,3103208,3024.34,DEGURBA
KA,KA_SETTLEMENT_5,2024,New Urbanising Settlement,3608894,17230.92,DEGURBA
KA,KA_SETTLEMENT_6,2024,Rural,3718343,5941.17,DEGURBA
KA,KA_SETTLEMENT_7,2024,Urban Centre,4755569,12478.17,DEGURBA
KA,KA_SETTLEMENT_8,2024,Rural,111680,17248.61,DEGURBA
KA,KA_SETTLEMENT_9,2024,New Urbanising Settlement,4775891,3677.75,DEGURBA
KA,KA_SETTLEMENT_10,2024,Urban Centre,6224023,17852.69,DEGURBA
KA,KA_SETTLEMENT_11,2024,Urban Centre,5316326,11478.68,DEGURBA
KA,KA_SETTLEMENT_0,2025,New Urbanising Settlement,6733922,12186.64,DEGURBA
KA,KA_SETTLEMENT_1,2025,New Urbanising Settlement,7208561,3572.03,DEGURBA
KA,KA_SETTLEMENT_2,2025,Urban Centre,323339,9156.55,DEGURBA
KA,KA_SETTLEMENT_3,2025,New Urbanising Settlement,5745770,800.27,DEGURBA
KA,KA_SETTLEMENT_4,2025,Rural,4791937,16741.47,DEGURBA
KA,KA_SETTLEMENT_5,2025,Rural,3209845,15024.73,DEGURBA
KA,KA_SETTLEMENT_6,2025,New Urbanising Settlement,6319975,12443.4,DEGURBA
KA,KA_SETTLEMENT_7,2025,Urban Cluster,1922057,15879.11,DEGURBA
KA,KA_SETTLEMENT_8,2025,Rural,3829245,13668.22,DEGURBA
KA,KA_SETTLEMENT_9,2025,Rural,927640,14105.83,DEGURBA
KA,KA_SETTLEMENT_10,2025,Urban Centre,3407958,10351.73,DEGURBA
KA,KA_SETTLEMENT_11,2025,New Urbanising Settlement,5949863,10045.69,DEGURBA
MH,MH_SETTLEMENT_0,2005,Urban Cluster,7617001,15102.9,DEGURBA
MH,MH_SETTLEMENT_1,2005,New Urbanising Settlement,2398469,16625.77,DEGURBA
MH,MH_SETTLEMENT_2,2005,New Urbanising Settlement,5593138,19692.33,DEGURBA
MH,MH_SETTLEMENT_3,2005,Rural,984217,1870.94,DEGURBA
MH,MH_SETTLEMENT_4,2005,Urban Centre,6799622,10442.05,DEGURBA
MH,MH_SETTLEMENT_5,2005,Rural,4430363,14641.04,DEGURBA
MH,MH_SETTLEMENT_6,2005,Urban Cluster,5070407,13137.97,DEGURBA
MH,MH_SETTLEMENT_7,2005,Urban Cluster,569719,2695.84,DEGURBA
MH,MH_SETTLEMENT_8,2005,New Urbanising Settlement,6419767,6954.22,DEGURBA
MH,MH_SETTLEMENT_9,2005,Rural,7309597,3172.65,DEGURBA
MH,MH_SETTLEMENT_10,2005,New Urbanising Settlement,4663497,17487.43,DEGURBA
MH,MH_SETTLEMENT_11,2005,New Urbanising Settlement,7186376,5948.35,DEGURBA
MH,MH_SETTLEMENT_0,2006,Urban Centre,3697515,9612.87,DEGURBA
MH,MH_SETTLEMENT_1,2006,Rural,2658572,4323.97,DEGURBA
MH,MH_SETTLEMENT_2,2006,Rural,347240,14515.4,DEGURBA
MH,MH_SETTLEMENT_3,2006,Urban Cluster,4091219,11791.94,DEGURBA
MH,MH_SETTLEMENT_4,2006,New Urbanising Settlement,3332335,4071.86,DEGURBA
MH,MH_SETTLEMENT_5,2006,Rural,1002935,16068.77,DEGURBA
MH,MH_SETTLEMENT_6,2006,Urban Cluster,586539,6613.14,DEGURBA
MH,MH_SETTLEMENT_7,2006,Urban Centre,5536345,9216.1,DEGURBA
MH,MH_SETTLEMENT_8,2006,New Urbanising Settlement,207565,8283.05,DEGURBA
MH,MH_SETTLEMENT_9,2006,New Urbanising Settlement,7984983,16949.45,DEGURBA
MH,MH_SETTLEMENT_10,2006,New Urbanising Settlement,5012601,4805.96,DEGURBA
MH,MH_SETTLEMENT_11,2006,Urban Cluster,3470724,18440.06,DEGURBA
MH,MH_SETTLEMENT_0,2007,Urban Centre,1229117,837.25,DEGURBA
MH,MH_SETTLEMENT_1,2007,Urban Centre,2944387,15829.78,DEGURBA
MH,MH_SETTLEMENT_2,2007,Urban Cluster,1614096,11647.19,DEGURBA
MH,MH_SETTLEMENT_3,2007,Urban Centre,1021491,5255.21,DEGURBA
MH,MH_SETTLEMENT_4,2007,Rural,7580285,17211.8,DEGURBA
MH,MH_SETTLEMENT_5,2007,Urban Centre,7602107,10108.31,DEGURBA
MH,MH_SETTLEMENT_6,2007,Urban Centre,6212785,16694.38,DEGURBA
MH,MH_SETTLEMENT_7,2007,Urban Cluster,6373049,10433.8,DEGURBA
MH,MH_SETTLEMENT_8,2007,Rural,330516,15840.67,DEGURBA
MH,MH_SETTLEMENT_9,2007,Rural,5220477,4521.29,DEGURBA
MH,MH_SETTLEMENT_10,2007,Rural,1191737,16880.95,DEGURBA
MH,MH_SETTLEMENT_11,2007,New Urbanising Settlement,7411604,15934.31,DEGURBA
MH,MH_SETTLEMENT_0,2008,Urban Centre,7431732,16200.75,DEGURBA
MH,MH_SETTLEMENT_1,2008,Rural,7130234,4026.07,DEGURBA
MH,MH_SETTLEMENT_2,2008,Urban Cluster,4608670,13701.72,DEGURBA
MH,MH_SETTLEMENT_3,2008,Rural,2628207,8659.49,DEGURBA
MH,MH_SETTLEMENT_4,2008,New Urbanising Settlement,2678598,10481.42,DEGURBA
MH,MH_SETTLEMENT_5,2008,Urban Centre,6257654,1432.56,DEGURBA
MH,MH_SETTLEMENT_6,2008,New Urbanising Settlement,4115263,3706.91,DEGURBA
MH,MH_SETTLEMENT_7,2008,Urban Centre,1702365,16110.64,DEGURBA
MH,MH_SETTLEMENT_8,2008,New Urbanising Settlement,3765593,10641.99,DEGURBA
MH,MH_SETTLEMENT_9,2008,Urban Cluster,673137,15241.96,DEGURBA
MH,MH_SETTLEMENT_10,2008,Urban Cluster,6934426,17148.32,DEGURBA
MH,MH_SETTLEMENT_11,2008,New Urbanising Settlement,6170098,13044.92,DEGURBA
MH,MH_SETTLEMENT_0,2009,Urban Cluster,7702691,11074.56,DEGURBA
MH,MH_SETTLEMENT_1,2009,Rural,5658754,13032.73,DEGURBA
MH,MH_SETTLEMENT_2,2009,Urban Cluster,2613567,8450.27,DEGURBA
MH,MH_SETTLEMENT_3,2009,New Urbanising Settlement,7384562,7403.28,DEGURBA
MH,MH_SETTLEMENT_4,2009,Urban Centre,5568718,3738.88,DEGURBA
MH,MH_SETTLEMENT_5,2009,Urban Cluster,750723,5967.89,DEGURBA
MH,MH_SETTLEMENT_6,2009,Urban Cluster,6412710,3422.51,DEGURBA
MH,MH_SETTLEMENT_7,2009,Urban Cluster,5430314,17179.42,DEGURBA
MH,MH_SETTLEMENT_8,2009,New Urbanising Settlement,6795206,13733.23,DEGURBA
MH,MH_SETTLEMENT_9,2009,New Urbanising Settlement,2092356,9090.31,DEGURBA
MH,MH_SETTLEMENT_10,2009,Urban Cluster,117319,12069.34,DEGURBA
MH,MH_SETTLEMENT_11,2009,Rural,3614865,5887.86,DEGURBA
MH,MH_SETTLEMENT_0,2010,Rural,2799523,6342.71,DEGURBA
MH,MH_SETTLEMENT_1,2010,Urban Cluster,7331065,11776.27,DEGURBA
MH,MH_SETTLEMENT_2,2010,Urban Centre,4594411,15872.51,DEGURBA
MH,MH_SETTLEMENT_3,2010,New Urbanising Settlement,7528720,19351.64,DEGURBA
MH,MH_SETTLEMENT_4,2010,New Urbanising Settlement,1849975,19016.64,DEGURBA
MH,MH_SETTLEMENT_5,2010,Rural,4424207,1599.23,DEGURBA
MH,MH_SETTLEMENT_6,2010,Rural,1256955,13796.99,DEGURBA
MH,MH_SETTLEMENT_7,2010,Urban Cluster,5041636,7584.06,DEGURBA
MH,MH_SETTLEMENT_8,2010,Urban Centre,4602352,441.31,DEGURBA
MH,MH_SETTLEMENT_9,2010,Urban Centre,5725117,1432.43,DEGURBA
MH,MH_SETTLEMENT_10,2010,New Urbanising Settlement,546090,16385.46,DEGURBA
MH,MH_SETTLEMENT_11,2010,Urban Cluster,682519,10643.33,DEGURBA
MH,MH_SETTLEMENT_0,2011,New Urbanising Settlement,5413471,2589.63,DEGURBA
MH,MH_SETTLEMENT_1,2011,New Urbanising Settlement,4221811,1767.14,DEGURBA
MH,MH_SETTLEMENT_2,2011,New Urbanising Settlement,2260899,820.48,DEGURBA
MH,MH_SETTLEMENT_3,2011,New Urbanising Settlement,5807638,11089.95,DEGURBA
MH,MH_SETTLEMENT_4,2011,Rural,1723478,773.94,DEGURBA
MH,MH_SETTLEMENT_5,2011,Urban Cluster,302834,16802.35,DEGURBA
MH,MH_SETTLEMENT_6,2011,New Urbanising Settlement,4940208,2797.47,DEGURBA
MH,MH_SETTLEMENT_7,2011,Rural,7702691,13510.6,DEGURBA
MH,MH_SETTLEMENT_8,2011,New Urbanising Settlement,5624848,17135.88,DEGURBA
MH,MH_SETTLEMENT_9,2011,Urban Cluster,5489148,17038.96,DEGURBA
MH,MH_SETTLEMENT_10,2011,Urban Centre,2113873,14950.31,DEGURBA
MH,MH_SETTLEMENT_11,2011,Urban Cluster,4349365,13636.81,DEGURBA
MH,MH_SETTLEMENT_0,2012,New Urbanising Settlement,2968421,13317.47,DEGURBA
MH,MH_SETTLEMENT_1,2012,Urban Cluster,3978328,7644.03,DEGURBA
MH,MH_SETTLEMENT_2,2012,Rural,5581640,539.02,DEGURBA
MH,MH_SETTLEMENT_3,2012,New Urbanising Settlement,3817143,19104.6,DEGURBA
MH,MH_SETTLEMENT_4,2012,Urban Cluster,6169184,19879.46,DEGURBA
MH,MH_SETTLEMENT_5,2012,Urban Centre,3439738,880.39,DEGURBA
MH,MH_SETTLEMENT_6,2012,Rural,2336038,5835.67,DEGURBA
MH,MH_SETTLEMENT_7,2012,Rural,6640877,17628.27,DEGURBA
MH,MH_SETTLEMENT_8,2012,Urban Cluster,7384617,7977.44,DEGURBA
MH,MH_SETTLEMENT_9,2012,Rural,2264504,10291.16,DEGURBA
MH,MH_SETTLEMENT_10,2012,Urban Cluster,922658,1098.35,DEGURBA
MH,MH_SETTLEMENT_11,2012,Urban Centre,3783066,1589.21,DEGURBA
MH,MH_SETTLEMENT_0,2013,Rural,3185911,11422.92,DEGURBA
MH,MH_SETTLEMENT_1,2013,Rural,6353650,11305.69,DEGURBA
MH,MH_SETTLEMENT_2,2013,Rural,899803,16244.58,DEGURBA
MH,MH_SETTLEMENT_3,2013,Urban Centre,4189633,7901.38,DEGURBA
MH,MH_SETTLEMENT_4,2013,Urban Centre,1374134,18780.44,DEGURBA
MH,MH_SETTLEMENT_5,2013,Rural,6308658,14926.86,DEGURBA
MH,MH_SETTLEMENT_6,2013,Rural,3227576,10880.48,DEGURBA
MH,MH_SETTLEMENT_7,2013,Urban Centre,1722563,19459.66,DEGURBA
MH,MH_SETTLEMENT_8,2013,Urban Cluster,3191137,5228.53,DEGURBA
MH,MH_SETTLEMENT_9,2013,New Urbanising Settlement,6408145,12304.79,DEGURBA
MH,MH_SETTLEMENT_10,2013,New Urbanising Settlement,7900977,12538.83,DEGURBA
MH,MH_SETTLEMENT_11,2013,Urban Centre,4288603,12457.95,DEGURBA
MH,MH_SETTLEMENT_0,2014,New Urbanising Settlement,1814390,12209.21,DEGURBA
MH,MH_SETTLEMENT_1,2014,Rural,7686573,16971.75,DEGURBA
MH,MH_SETTLEMENT_2,2014,Urban Centre,1665828,7472.42,DEGURBA
MH,MH_SETTLEMENT_3,2014,Rural,7831862,5809.89,DEGURBA
MH,MH_SETTLEMENT_4,2014,Urban Cluster,2520800,5410.38,DEGURBA
MH,MH_SETTLEMENT_5,2014,Urban Centre,7191876,17571.83,DEGURBA
MH,MH_SETTLEMENT_6,2014,Urban Centre,4856732,16449.62,DEGURBA
MH,MH_SETTLEMENT_7,2014,Urban Centre,6851283,829.68,DEGURBA
MH,MH_SETTLEMENT_8,2014,New Urbanising Settlement,1220322,976.1,DEGURBA
MH,MH_SETTLEMENT_9,2014,New Urbanising Settlement,7037159,1170.82,DEGURBA
MH,MH_SETTLEMENT_10,2014,Urban Cluster,6037977,17766.65,DEGURBA
MH,MH_SETTLEMENT_11,2014,Urban Centre,2690327,4099.44,DEGURBA
MH,MH_SETTLEMENT_0,2015,Rural,6128631,15934.66,DEGURBA
MH,MH_SETTLEMENT_1,2015,Rural,6490601,14594.85,DEGURBA
MH,MH_SETTLEMENT_2,2015,Urban Cluster,166361,18510.76,DEGURBA
MH,MH_SETTLEMENT_3,2015,Rural,2211489,5493.28,DEGURBA
MH,MH_SETTLEMENT_4,2015,New Urbanising Settlement,2378079,15949.93,DEGURBA
MH,MH_SETTLEMENT_5,2015,Urban Cluster,1450346,6435.82,DEGURBA
MH,MH_SETTLEMENT_6,2015,New Urbanising Settlement,3431645,994.93,DEGURBA
MH,MH_SETTLEMENT_7,2015,Urban Cluster,182367,9175.04,DEGURBA
MH,MH_SETTLEMENT_8,2015,Urban Cluster,5032705,5327.85,DEGURBA
MH,MH_SETTLEMENT_9,2015,Urban Centre,6828329,10399.73,DEGURBA
MH,MH_SETTLEMENT_10,2015,Rural,677661,907.08,DEGURBA
MH,MH_SETTLEMENT_11,2015,Urban Cluster,2991262,9687.55,DEGURBA
MH,MH_SETTLEMENT_0,2016,Urban Centre,6838088,2579.79,DEGURBA
MH,MH_SETTLEMENT_1,2016,New Urbanising Settlement,7326806,18800.75,DEGURBA
MH,MH_SETTLEMENT_2,2016,Urban Centre,5856732,12613.25,DEGURBA
MH,MH_SETTLEMENT_3,2016,Urban Cluster,4860366,17576.12,DEGURBA
MH,MH_SETTLEMENT_4,2016,Urban Cluster,6525807,10579.89,DEGURBA
MH,MH_SETTLEMENT_5,2016,Rural,2239256,17118.95,DEGURBA
MH,MH_SETTLEMENT_6,2016,Rural,3923886,12490.02,DEGURBA
MH,MH_SETTLEMENT_7,2016,Rural,6562370,10047.56,DEGURBA
MH,MH_SETTLEMENT_8,2016,New Urbanising Settlement,2373254,11764.62,DEGURBA
MH,MH_SETTLEMENT_9,2016,Rural,7157620,4623.86,DEGURBA
MH,MH_SETTLEMENT_10,2016,Urban Cluster,7791219,14072.36,DEGURBA
MH,MH_SETTLEMENT_11,2016,New Urbanising Settlement,2703261,12510.19,DEGURBA
MH,MH_SETTLEMENT_0,2017,Rural,3362010,19414.27,DEGURBA
MH,MH_SETTLEMENT_1,2017,Rural,5008775,2340.83,DEGURBA
MH,MH_SETTLEMENT_2,2017,Urban Cluster,7704543,10636.77,DEGURBA
MH,MH_SETTLEMENT_3,2017,New Urbanising Settlement,3233890,16551.94,DEGURBA
MH,MH_SETTLEMENT_4,2017,Rural,5327486,7063.55,DEGURBA
MH,MH_SETTLEMENT_5,2017,Rural,344535,15863.5,DEGURBA
MH,MH_SETTLEMENT_6,2017,New Urbanising Settlement,1127939,19091.93,DEGURBA
MH,MH_SETTLEMENT_7,2017,Urban Centre,101847,6033.44,DEGURBA
MH,MH_SETTLEMENT_8,2017,New Urbanising Settlement,3872921,6073.81,DEGURBA
MH,MH_SETTLEMENT_9,2017,Rural,906036,17821.3,DEGURBA
MH,MH_SETTLEMENT_10,2017,Urban Centre,552526,17570.15,DEGURBA
MH,MH_SETTLEMENT_11,2017,New Urbanising Settlement,6262777,840.9,DEGURBA
MH,MH_SETTLEMENT_0,2018,Urban Centre,2343971,16943.73,DEGURBA
MH,MH_SETTLEMENT_1,2018,New Urbanising Settlement,3870911,19163.34,DEGURBA
MH,MH_SETTLEMENT_2,2018,New Urbanising Settlement,1551675,4411.03,DEGURBA
MH,MH_SETTLEMENT_3,2018,New Urbanising Settlement,1927870,10849.0,DEGURBA
MH,MH_SETTLEMENT_4,2018,Urban Cluster,1736071,7081.17,DEGURBA
MH,MH_SETTLEMENT_5,2018,Rural,5638446,893.63,DEGURBA
MH,MH_SETTLEMENT_6,2018,New Urbanising Settlement,3910566,10560.51,DEGURBA
MH,MH_SETTLEMENT_7,2018,Urban Cluster,5036080,6148.12,DEGURBA
MH,MH_SETTLEMENT_8,2018,Rural,2199616,8624.73,DEGURBA
MH,MH_SETTLEMENT_9,2018,Urban Centre,5799182,2493.88,DEGURBA
MH,MH_SETTLEMENT_10,2018,New Urbanising Settlement,2462853,19383.08,DEGURBA
MH,MH_SETTLEMENT_11,2018,New Urbanising Settlement,4661293,2046.45,DEGURBA
MH,MH_SETTLEMENT_0,2019,New Urbanising Settlement,4840446,14733.28,DEGURBA
MH,MH_SETTLEMENT_1,2019,Urban Cluster,3230045,6093.91,DEGURBA
MH,MH_SETTLEMENT_2,2019,Urban Cluster,2894567,631.42,DEGURBA
MH,MH_SETTLEMENT_3,2019,Urban Cluster,5906152,6478.36,DEGURBA
MH,MH_SETTLEMENT_4,2019,Urban Centre,676924,16092.08,DEGURBA
MH,MH_SETTLEMENT_5,2019,Urban Centre,418742,6632.52,DEGURBA
MH,MH_SETTLEMENT_6,2019,Urban Cluster,4084238,9007.62,DEGURBA
MH,MH_SETTLEMENT_7,2019,Urban Centre,2668963,16993.1,DEGURBA
MH,MH_SETTLEMENT_8,2019,Rural,1106360,16687.92,DEGURBA
MH,MH_SETTLEMENT_9,2019,Urban Cluster,1722063,14408.82,DEGURBA
MH,MH_SETTLEMENT_10,2019,Urban Centre,7868929,12892.64,DEGURBA
MH,MH_SETTLEMENT_11,2019,Urban Centre,7184846,3855.62,DEGURBA
MH,MH_SETTLEMENT_0,2020,Rural,7321213,1878.66,DEGURBA
MH,MH_SETTLEMENT_1,2020,Rural,6551028,11501.22,DEGURBA
MH,MH_SETTLEMENT_2,2020,Urban Cluster,4730421,10618.42,DEGURBA
MH,MH_SETTLEMENT_3,2020,New Urbanising Settlement,3117817,11540.51,DEGURBA
MH,MH_SETTLEMENT_4,2020,New Urbanising Settlement,2665381,4235.12,DEGURBA
MH,MH_SETTLEMENT_5,2020,Urban Centre,3000123,10363.21,DEGURBA
MH,MH_SETTLEMENT_6,2020,Urban Cluster,842948,9494.01,DEGURBA
MH,MH_SETTLEMENT_7,2020,Urban Centre,7757937,14451.28,DEGURBA
MH,MH_SETTLEMENT_8,2020,Urban Cluster,171460,4639.35,DEGURBA
MH,MH_SETTLEMENT_9,2020,Urban Centre,6584389,17915.1,DEGURBA
MH,MH_SETTLEMENT_10,2020,New Urbanising Settlement,2584657,16286.53,DEGURBA
MH,MH_SETTLEMENT_11,2020,Rural,7305587,11012.61,DEGURBA
MH,MH_SETTLEMENT_0,2021,Urban Centre,5486983,15003.36,DEGURBA
MH,MH_SETTLEMENT_1,2021,New Urbanising Settlement,1822324,7209.11,DEGURBA
MH,MH_SETTLEMENT_2,2021,New Urbanising Settlement,740712,16488.59,DEGURBA
MH,MH_SETTLEMENT_3,2021,Rural,595940,4885.78,DEGURBA
MH,MH_SETTLEMENT_4,2021,Urban Centre,4050643,7604.61,DEGURBA
MH,MH_SETTLEMENT_5,2021,New Urbanising Settlement,6773420,18340.51,DEGURBA
MH,MH_SETTLEMENT_6,2021,New Urbanising Settlement,5651365,12927.91,DEGURBA
MH,MH_SETTLEMENT_7,2021,Urban Centre,721748,14678.44,DEGURBA
MH,MH_SETTLEMENT_8,2021,New Urbanising Settlement,4477668,13421.45,DEGURBA
MH,MH_SETTLEMENT_9,2021,New Urbanising Settlement,2672821,10602.35,DEGURBA
MH,MH_SETTLEMENT_10,2021,Urban Centre,6427604,1081.47,DEGURBA
MH,MH_SETTLEMENT_11,2021,Urban Centre,6057783,8598.36,DEGURBA
MH,MH_SETTLEMENT_0,2022,Rural,7516824,10730.06,DEGURBA
MH,MH_SETTLEMENT_1,2022,Urban Centre,279006,9600.15,DEGURBA
MH,MH_SETTLEMENT_2,2022,Urban Centre,3696804,10098.3,DEGURBA
MH,MH_SETTLEMENT_3,2022,Urban Centre,2809801,2933.01,DEGURBA
MH,MH_SETTLEMENT_4,2022,Urban Centre,12799,2910.65,DEGURBA
MH,MH_SETTLEMENT_5,2022,New Urbanising Settlement,4151154,5216.45,DEGURBA
MH,MH_SETTLEMENT_6,2022,Rural,4748739,9226.61,DEGURBA
MH,MH_SETTLEMENT_7,2022,New Urbanising Settlement,2123066,890.34,DEGURBA
MH,MH_SETTLEMENT_8,2022,Urban Cluster,2452885,7191.01,DEGURBA
MH,MH_SETTLEMENT_9,2022,Urban Cluster,7654074,9980.95,DEGURBA
MH,MH_SETTLEMENT_10,2022,Urban Cluster,7421063,11197.74,DEGURBA
MH,MH_SETTLEMENT_11,2022,Rural,4183236,1852.69,DEGURBA
MH,MH_SETTLEMENT_0,2023,Rural,3053601,10965.79,DEGURBA
MH,MH_SETTLEMENT_1,2023,Rural,3751626,4580.46,DEGURBA
MH,MH_SETTLEMENT_2,2023,Urban Centre,651812,3562.44,DEGURBA
MH,MH_SETTLEMENT_3,2023,Urban Centre,7804219,9790.49,DEGURBA
MH,MH_SETTLEMENT_4,2023,Urban Cluster,3865731,6578.22,DEGURBA
MH,MH_SETTLEMENT_5,2023,Rural,4521499,16202.61,DEGURBA
MH,MH_SETTLEMENT_6,2023,Rural,6109516,4614.95,DEGURBA
MH,MH_SETTLEMENT_7,2023,Urban Cluster,5898990,5020.44,DEGURBA
MH,MH_SETTLEMENT_8,2023,Rural,7336556,19052.05,DEGURBA
MH,MH_SETTLEMENT_9,2023,Urban Cluster,225821,14038.27,DEGURBA
MH,MH_SETTLEMENT_10,2023,Urban Centre,5965724,14475.77,DEGURBA
MH,MH_SETTLEMENT_11,2023,Rural,204269,19179.37,DEGURBA
MH,MH_SETTLEMENT_0,2024,New Urbanising Settlement,3599555,12798.79,DEGURBA
MH,MH_SETTLEMENT_1,2024,New Urbanising Settlement,2927459,13463.84,DEGURBA
MH,MH_SETTLEMENT_2,2024,Urban Centre,6620426,4836.54,DEGURBA
MH,MH_SETTLEMENT_3,2024,Urban Cluster,4802437,3116.57,DEGURBA
MH,MH_SETTLEMENT_4,2024,Urban Cluster,3355546,9223.4,DEGURBA
MH,MH_SETTLEMENT_5,2024,Rural,7398938,12301.93,DEGURBA
MH,MH_SETTLEMENT_6,2024,Rural,5514722,6813.49,DEGURBA
MH,MH_SETTLEMENT_7,2024,Urban Cluster,1185442,12378.68,DEGURBA
MH,MH_SETTLEMENT_8,2024,Rural,3773909,6029.73,DEGURBA
MH,MH_SETTLEMENT_9,2024,Urban Cluster,5043820,12753.93,DEGURBA
MH,MH_SETTLEMENT_10,2024,Rural,667737,18320.84,DEGURBA
MH,MH_SETTLEMENT_11,2024,Urban Centre,1521375,19425.48,DEGURBA
MH,MH_SETTLEMENT_0,2025,Urban Cluster,6314733,19443.9,DEGURBA
MH,MH_SETTLEMENT_1,2025,Rural,3566572,5562.48,DEGURBA
MH,MH_SETTLEMENT_2,2025,Rural,7277457,4920.17,DEGURBA
MH,MH_SETTLEMENT_3,2025,Rural,451918,3923.37,DEGURBA
MH,MH_SETTLEMENT_4,2025,Urban Centre,7349047,14452.8,DEGURBA
MH,MH_SETTLEMENT_5,2025,Rural,5223354,6388.98,DEGURBA
MH,MH_SETTLEMENT_6,2025,Urban Cluster,7898368,16683.24,DEGURBA
MH,MH_SETTLEMENT_7,2025,Urban Cluster,7403450,12911.87,DEGURBA
MH,MH_SETTLEMENT_8,2025,New Urbanising Settlement,3221150,6244.23,DEGURBA
MH,MH_SETTLEMENT_9,2025,Urban Cluster,728163,4415.93,DEGURBA
MH,MH_SETTLEMENT_10,2025,New Urbanising Settlement,5672384,19837.37,DEGURBA
MH,MH_SETTLEMENT_11,2025,Urban Centre,1592314,4104.68,DEGURBA
GJ,GJ_SETTLEMENT_0,2005,New Urbanising Settlement,4266887,14398.97,DEGURBA
GJ,GJ_SETTLEMENT_1,2005,Rural,990926,6056.17,DEGURBA
GJ,GJ_SETTLEMENT_2,2005,Rural,3012196,8214.87,DEGURBA
GJ,GJ_SETTLEMENT_3,2005,Urban Cluster,7707137,715.9,DEGURBA
GJ,GJ_SETTLEMENT_4,2005,Urban Centre,6215014,17743.18,DEGURBA
GJ,GJ_SETTLEMENT_5,2005,Urban Centre,5638403,3424.87,DEGURBA
GJ,GJ_SETTLEMENT_6,2005,Urban Centre,2719075,12688.92,DEGURBA
GJ,GJ_SETTLEMENT_7,2005,Urban Cluster,1800750,7671.5,DEGURBA
GJ,GJ_SETTLEMENT_8,2005,Urban Centre,5610652,17587.98,DEGURBA
GJ,GJ_SETTLEMENT_9,2005,New Urbanising Settlement,2037185,2622.45,DEGURBA
GJ,GJ_SETTLEMENT_10,2005,Urban Cluster,5535286,2904.03,DEGURBA
GJ,GJ_SETTLEMENT_11,2005,Rural,1057166,15080.75,DEGURBA
GJ,GJ_SETTLEMENT_0,2006,Rural,4212874,239.74,DEGURBA
GJ,GJ_SETTLEMENT_1,2006,Rural,3109099,8987.02,DEGURBA
GJ,GJ_SETTLEMENT_2,2006,Rural,5199091,5403.24,DEGURBA
GJ,GJ_SETTLEMENT_3,2006,New Urbanising Settlement,867800,4052.21,DEGURBA
GJ,GJ_SETTLEMENT_4,2006,Urban Cluster,2911433,3572.57,DEGURBA
GJ,GJ_SETTLEMENT_5,2006,Urban Centre,7244138,1730.94,DEGURBA
GJ,GJ_SETTLEMENT_6,2006,Urban Cluster,5373906,12145.62,DEGURBA
GJ,GJ_SETTLEMENT_7,2006,Urban Cluster,5256044,8077.98,DEGURBA
GJ,GJ_SETTLEMENT_8,2006,New Urbanising Settlement,1764999,17102.36,DEGURBA
GJ,GJ_SETTLEMENT_9,2006,Urban Centre,6215062,2040.36,DEGURBA
GJ,GJ_SETTLEMENT_10,2006,New Urbanising Settlement,5738874,3537.48,DEGURBA
GJ,GJ_SETTLEMENT_11,2006,Urban Cluster,2273963,15567.37,DEGURBA
GJ,GJ_SETTLEMENT_0,2007,Urban Cluster,2411217,1763.15,DEGURBA
GJ,GJ_SETTLEMENT_1,2007,Urban Centre,1339301,6387.94,DEGURBA
GJ,GJ_SETTLEMENT_2,2007,Urban Cluster,7905614,10215.05,DEGURBA
GJ,GJ_SETTLEMENT_3,2007,Urban Cluster,2626533,393.49,DEGURBA
GJ,GJ_SETTLEMENT_4,2007,Urban Centre,5491587,16433.67,DEGURBA
GJ,GJ_SETTLEMENT_5,2007,Urban Cluster,2121086,3776.75,DEGURBA
GJ,GJ_SETTLEMENT_6,2007,Urban Cluster,4135213,8647.18,DEGURBA
GJ,GJ_SETTLEMENT_7,2007,Rural,4390461,11399.54,DEGURBA
GJ,GJ_SETTLEMENT_8,2007,Rural,3490364,656.45,DEGURBA
GJ,GJ_SETTLEMENT_9,2007,New Urbanising Settlement,3090785,16235.66,DEGURBA
GJ,GJ_SETTLEMENT_10,2007,Urban Cluster,6989126,15255.67,DEGURBA
GJ,GJ_SETTLEMENT_11,2007,New Urbanising Settlement,4456395,15082.09,DEGURBA
GJ,GJ_SETTLEMENT_0,2008,Rural,2260025,17994.4,DEGURBA
GJ,GJ_SETTLEMENT_1,2008,Rural,6107018,5988.48,DEGURBA
GJ,GJ_SETTLEMENT_2,2008,Urban Centre,1620381,6520.38,DEGURBA
GJ,GJ_SETTLEMENT_3,2008,New Urbanising Settlement,5149463,9949.97,DEGURBA
GJ,GJ_SETTLEMENT_4,2008,Rural,4917435,10559.21,DEGURBA
GJ,GJ_SETTLEMENT_5,2008,Urban Cluster,5058057,5105.18,DEGURBA
GJ,GJ_SETTLEMENT_6,2008,Urban Cluster,1451447,10411.57,DEGURBA
GJ,GJ_SETTLEMENT_7,2008,Rural,812864,4587.86,DEGURBA
GJ,GJ_SETTLEMENT_8,2008,Urban Centre,1819149,7335.89,DEGURBA
GJ,GJ_SETTLEMENT_9,2008,New Urbanising Settlement,4692901,15911.72,DEGURBA
GJ,GJ_SETTLEMENT_10,2008,Urban Cluster,1943003,10137.58,DEGURBA
GJ,GJ_SETTLEMENT_11,2008,Rural,7596763,4797.14,DEGURBA
GJ,GJ_SETTLEMENT_0,2009,New Urbanising Settlement,2989807,11032.8,DEGURBA
GJ,GJ_SETTLEMENT_1,2009,Urban Cluster,154389,16233.72,DEGURBA
GJ,GJ_SETTLEMENT_2,2009,Urban Cluster,7574937,17686.88,DEGURBA
GJ,GJ_SETTLEMENT_3,2009,Urban Centre,6669115,12261.66,DEGURBA
GJ,GJ_SETTLEMENT_4,2009,New Urbanising Settlement,7017246,16388.14,DEGURBA
GJ,GJ_SETTLEMENT_5,2009,Urban Centre,5596997,15113.12,DEGURBA
GJ,GJ_SETTLEMENT_6,2009,Urban Cluster,2646868,11038.08,DEGURBA
GJ,GJ_SETTLEMENT_7,2009,Rural,4542177,1979.19,DEGURBA
GJ,GJ_SETTLEMENT_8,2009,Urban Cluster,1934772,1381.5,DEGURBA
GJ,GJ_SETTLEMENT_9,2009,Rural,77981,15957.49,DEGURBA
GJ,GJ_SETTLEMENT_10,2009,Rural,4527021,5791.61,DEGURBA
GJ,GJ_SETTLEMENT_11,2009,New Urbanising Settlement,3706092,11989.91,DEGURBA
GJ,GJ_SETTLEMENT_0,2010,New Urbanising Settlement,3277011,10217.34,DEGURBA
GJ,GJ_SETTLEMENT_1,2010,New Urbanising Settlement,4269960,14561.15,DEGURBA
GJ,GJ_SETTLEMENT_2,2010,Urban Centre,3594137,12248.12,DEGURBA
GJ,GJ_SETTLEMENT_3,2010,Rural,5349053,8148.73,DEGURBA
GJ,GJ_SETTLEMENT_4,2010,Urban Cluster,4063812,270.27,DEGURBA
GJ,GJ_SETTLEMENT_5,2010,Rural,7217100,789.48,DEGURBA
GJ,GJ_SETTLEMENT_6,2010,New Urbanising Settlement,3147093,16123.83,DEGURBA
GJ,GJ_SETTLEMENT_7,2010,Urban Cluster,1785096,5538.8,DEGURBA
GJ,GJ_SETTLEMENT_8,2010,New Urbanising Settlement,3091282,5540.4,DEGURBA
GJ,GJ_SETTLEMENT_9,2010,Urban Cluster,3866611,12283.12,DEGURBA
GJ,GJ_SETTLEMENT_10,2010,New Urbanising Settlement,4873964,18121.65,DEGURBA
GJ,GJ_SETTLEMENT_11,2010,New Urbanising Settlement,1702630,19793.82,DEGURBA
GJ,GJ_SETTLEMENT_0,2011,Rural,441196,5416.97,DEGURBA
GJ,GJ_SETTLEMENT_1,2011,Urban Cluster,1385990,14457.02,DEGURBA
GJ,GJ_SETTLEMENT_2,2011,Urban Centre,290282,13948.83,DEGURBA
GJ,GJ_SETTLEMENT_3,2011,Rural,3609208,13810.05,DEGURBA
GJ,GJ_SETTLEMENT_4,2011,Urban Centre,3915141,7449.23,DEGURBA
GJ,GJ_SETTLEMENT_5,2011,New Urbanising Settlement,263312,11444.83,DEGURBA
GJ,GJ_SETTLEMENT_6,2011,Urban Cluster,5874294,12908.2,DEGURBA
GJ,GJ_SETTLEMENT_7,2011,Rural,7080769,13185.52,DEGURBA
GJ,GJ_SETTLEMENT_8,2011,New Urbanising Settlement,361450,5506.33,DEGURBA
GJ,GJ_SETTLEMENT_9,2011,New Urbanising Settlement,2636045,5742.61,DEGURBA
GJ,GJ_SETTLEMENT_10,2011,New Urbanising Settlement,2855607,16146.08,DEGURBA
GJ,GJ_SETTLEMENT_11,2011,Urban Centre,7680140,11396.35,DEGURBA
GJ,GJ_SETTLEMENT_0,2012,Urban Centre,7691624,18377.92,DEGURBA
GJ,GJ_SETTLEMENT_1,2012,Urban Cluster,4751320,15940.03,DEGURBA
GJ,GJ_SETTLEMENT_2,2012,New Urbanising Settlement,2282313,3403.56,DEGURBA
GJ,GJ_SETTLEMENT_3,2012,New Urbanising Settlement,2841769,14706.32,DEGURBA
GJ,GJ_SETTLEMENT_4,2012,Urban Centre,2987843,7501.06,DEGURBA
GJ,GJ_SETTLEMENT_5,2012,Rural,5462401,2470.22,DEGURBA
GJ,GJ_SETTLEMENT_6,2012,Urban Cluster,4685045,12862.9,DEGURBA
GJ,GJ_SETTLEMENT_7,2012,Urban Centre,7524540,2532.58,DEGURBA
GJ,GJ_SETTLEMENT_8,2012,Urban Centre,3634973,6843.18,DEGURBA
GJ,GJ_SETTLEMENT_9,2012,New Urbanising Settlement,2371427,5500.66,DEGURBA
GJ,GJ_SETTLEMENT_10,2012,New Urbanising Settlement,1272141,11981.17,DEGURBA
GJ,GJ_SETTLEMENT_11,2012,Urban Cluster,2549966,15183.3,DEGURBA
GJ,GJ_SETTLEMENT_0,2013,Rural,5973147,15999.94,DEGURBA
GJ,GJ_SETTLEMENT_1,2013,Rural,290151,14483.06,DEGURBA
GJ,GJ_SETTLEMENT_2,2013,New Urbanising Settlement,7172240,11745.78,DEGURBA
GJ,GJ_SETTLEMENT_3,2013,Urban Cluster,7171036,10005.84,DEGURBA
GJ,GJ_SETTLEMENT_4,2013,Rural,7582044,9829.14,DEGURBA
GJ,GJ_SETTLEMENT_5,2013,Urban Centre,2957321,8854.36,DEGURBA
GJ,GJ_SETTLEMENT_6,2013,New Urbanising Settlement,3947487,4555.04,DEGURBA
GJ,GJ_SETTLEMENT_7,2013,New Urbanising Settlement,3702624,19537.88,DEGURBA
GJ,GJ_SETTLEMENT_8,2013,Urban Cluster,5689730,13806.04,DEGURBA
GJ,GJ_SETTLEMENT_9,2013,Rural,5528031,10067.49,DEGURBA
GJ,GJ_SETTLEMENT_10,2013,Urban Centre,3844676,3057.09,DEGURBA
GJ,GJ_SETTLEMENT_11,2013,Urban Centre,4554979,8321.25,DEGURBA
GJ,GJ_SETTLEMENT_0,2014,New Urbanising Settlement,7033075,10659.02,DEGURBA
GJ,GJ_SETTLEMENT_1,2014,Rural,2113969,7878.77,DEGURBA
GJ,GJ_SETTLEMENT_2,2014,Rural,1709104,2994.61,DEGURBA
GJ,GJ_SETTLEMENT_3,2014,Rural,4788791,9050.12,DEGURBA
GJ,GJ_SETTLEMENT_4,2014,New Urbanising Settlement,7848004,7158.8,DEGURBA
GJ,GJ_SETTLEMENT_5,2014,New Urbanising Settlement,21291,2920.83,DEGURBA
GJ,GJ_SETTLEMENT_6,2014,New Urbanising Settlement,2713497,17456.53,DEGURBA
GJ,GJ_SETTLEMENT_7,2014,New Urbanising Settlement,431208,6486.49,DEGURBA
GJ,GJ_SETTLEMENT_8,2014,Urban Cluster,4983381,2887.73,DEGURBA
GJ,GJ_SETTLEMENT_9,2014,Urban Centre,7056883,1592.55,DEGURBA
GJ,GJ_SETTLEMENT_10,2014,Rural,7167950,11027.36,DEGURBA
GJ,GJ_SETTLEMENT_11,2014,Urban Centre,1000774,17278.97,DEGURBA
GJ,GJ_SETTLEMENT_0,2015,Rural,6505458,5236.11,DEGURBA
GJ,GJ_SETTLEMENT_1,2015,Urban Cluster,719335,12202.31,DEGURBA
GJ,GJ_SETTLEMENT_2,2015,Urban Cluster,882714,18694.72,DEGURBA
GJ,GJ_SETTLEMENT_3,2015,New Urbanising Settlement,1464920,13935.78,DEGURBA
GJ,GJ_SETTLEMENT_4,2015,Urban Cluster,4389395,3108.06,DEGURBA
GJ,GJ_SETTLEMENT_5,2015,New Urbanising Settlement,1273655,2324.91,DEGURBA
GJ,GJ_SETTLEMENT_6,2015,New Urbanising Settlement,2792023,10349.16,DEGURBA
GJ,GJ_SETTLEMENT_7,2015,Urban Cluster,5880110,8578.82,DEGURBA
GJ,GJ_SETTLEMENT_8,2015,Urban Centre,2761406,3302.75,DEGURBA
GJ,GJ_SETTLEMENT_9,2015,Urban Centre,6349670,2157.65,DEGURBA
GJ,GJ_SETTLEMENT_10,2015,Rural,7041999,10645.01,DEGURBA
GJ,GJ_SETTLEMENT_11,2015,Urban Centre,3562528,7946.32,DEGURBA
GJ,GJ_SETTLEMENT_0,2016,Urban Centre,4489781,7885.6,DEGURBA
GJ,GJ_SETTLEMENT_1,2016,New Urbanising Settlement,7966650,4753.79,DEGURBA
GJ,GJ_SETTLEMENT_2,2016,New Urbanising Settlement,2742224,1534.99,DEGURBA
GJ,GJ_SETTLEMENT_3,2016,New Urbanising Settlement,2445954,12267.34,DEGURBA
GJ,GJ_SETTLEMENT_4,2016,Rural,1553244,578.7,DEGURBA
GJ,GJ_SETTLEMENT_5,2016,Rural,4737397,7468.89,DEGURBA
GJ,GJ_SETTLEMENT_6,2016,Urban Centre,5381823,6647.8,DEGURBA
GJ,GJ_SETTLEMENT_7,2016,Urban Cluster,3523287,7891.58,DEGURBA
GJ,GJ_SETTLEMENT_8,2016,Urban Centre,3803818,632.66,DEGURBA
GJ,GJ_SETTLEMENT_9,2016,Rural,3070665,17811.9,DEGURBA
GJ,GJ_SETTLEMENT_10,2016,New Urbanising Settlement,1498340,3079.37,DEGURBA
GJ,GJ_SETTLEMENT_11,2016,Rural,4554122,17866.17,DEGURBA
GJ,GJ_SETTLEMENT_0,2017,New Urbanising Settlement,4136029,3143.95,DEGURBA
GJ,GJ_SETTLEMENT_1,2017,Urban Centre,768720,6170.57,DEGURBA
GJ,GJ_SETTLEMENT_2,2017,New Urbanising Settlement,3734167,10617.63,DEGURBA
GJ,GJ_SETTLEMENT_3,2017,Urban Centre,3207360,18645.83,DEGURBA
GJ,GJ_SETTLEMENT_4,2017,New Urbanising Settlement,7416921,357.49,DEGURBA
GJ,GJ_SETTLEMENT_5,2017,Rural,3160003,1276.86,DEGURBA
GJ,GJ_SETTLEMENT_6,2017,Rural,5939094,10396.76,DEGURBA
GJ,GJ_SETTLEMENT_7,2017,Rural,4587112,12173.25,DEGURBA
GJ,GJ_SETTLEMENT_8,2017,Rural,7182346,18700.64,DEGURBA
GJ,GJ_SETTLEMENT_9,2017,New Urbanising Settlement,6329240,5625.69,DEGURBA
GJ,GJ_SETTLEMENT_10,2017,Urban Cluster,6813543,1719.44,DEGURBA
GJ,GJ_SETTLEMENT_11,2017,Rural,547118,13698.37,DEGURBA
GJ,GJ_SETTLEMENT_0,2018,New Urbanising Settlement,2583062,13945.79,DEGURBA
GJ,GJ_SETTLEMENT_1,2018,New Urbanising Settlement,5501911,17082.12,DEGURBA
GJ,GJ_SETTLEMENT_2,2018,Urban Cluster,1816703,12677.69,DEGURBA
GJ,GJ_SETTLEMENT_3,2018,Urban Centre,1247116,5730.15,DEGURBA
GJ,GJ_SETTLEMENT_4,2018,Urban Centre,7600697,8257.31,DEGURBA
GJ,GJ_SETTLEMENT_5,2018,Rural,379924,1400.87,DEGURBA
GJ,GJ_SETTLEMENT_6,2018,Urban Centre,3322005,11311.87,DEGURBA
GJ,GJ_SETTLEMENT_7,2018,Urban Cluster,4945881,8317.6,DEGURBA
GJ,GJ_SETTLEMENT_8,2018,Urban Cluster,7360462,3866.48,DEGURBA
GJ,GJ_SETTLEMENT_9,2018,Urban Cluster,3301718,14500.22,DEGURBA
GJ,GJ_SETTLEMENT_10,2018,Urban Cluster,1437666,17701.58,DEGURBA
GJ,GJ_SETTLEMENT_11,2018,Urban Cluster,1351808,12934.6,DEGURBA
GJ,GJ_SETTLEMENT_0,2019,Rural,3283395,9469.92,DEGURBA
GJ,GJ_SETTLEMENT_1,2019,Urban Centre,2993733,18627.94,DEGURBA
GJ,GJ_SETTLEMENT_2,2019,Urban Centre,3561071,2939.74,DEGURBA
GJ,GJ_SETTLEMENT_3,2019,Urban Centre,3997850,18977.6,DEGURBA
GJ,GJ_SETTLEMENT_4,2019,Urban Centre,1162060,10469.2,DEGURBA
GJ,GJ_SETTLEMENT_5,2019,Urban Centre,6581735,11734.15,DEGURBA
GJ,GJ_SETTLEMENT_6,2019,New Urbanising Settlement,2733332,9913.56,DEGURBA
GJ,GJ_SETTLEMENT_7,2019,New Urbanising Settlement,6771800,1588.17,DEGURBA
GJ,GJ_SETTLEMENT_8,2019,Urban Centre,6512104,6840.41,DEGURBA
GJ,GJ_SETTLEMENT_9,2019,Urban Centre,6424014,13586.87,DEGURBA
GJ,GJ_SETTLEMENT_10,2019,Rural,3593229,7765.75,DEGURBA
GJ,GJ_SETTLEMENT_11,2019,Urban Centre,5865649,456.94,DEGURBA
GJ,GJ_SETTLEMENT_0,2020,Rural,7391905,1011.89,DEGURBA
GJ,GJ_SETTLEMENT_1,2020,New Urbanising Settlement,5458623,10911.73,DEGURBA
GJ,GJ_SETTLEMENT_2,2020,New Urbanising Settlement,1410392,14150.66,DEGURBA
GJ,GJ_SETTLEMENT_3,2020,Urban Cluster,3250060,18864.39,DEGURBA
GJ,GJ_SETTLEMENT_4,2020,Rural,4249291,3183.03,DEGURBA
GJ,GJ_SETTLEMENT_5,2020,New Urbanising Settlement,5676598,1005.31,DEGURBA
GJ,GJ_SETTLEMENT_6,2020,Rural,3259134,13672.35,DEGURBA
GJ,GJ_SETTLEMENT_7,2020,New Urbanising Settlement,6028762,17969.77,DEGURBA
GJ,GJ_SETTLEMENT_8,2020,Urban Centre,5178728,12267.04,DEGURBA
GJ,GJ_SETTLEMENT_9,2020,Rural,630058,1753.68,DEGURBA
GJ,GJ_SETTLEMENT_10,2020,Urban Cluster,1643861,2132.43,DEGURBA
GJ,GJ_SETTLEMENT_11,2020,Urban Cluster,3232799,19385.03,DEGURBA
GJ,GJ_SETTLEMENT_0,2021,Rural,5015631,4856.34,DEGURBA
GJ,GJ_SETTLEMENT_1,2021,Urban Cluster,641904,17091.45,DEGURBA
GJ,GJ_SETTLEMENT_2,2021,Rural,3042885,12379.62,DEGURBA
GJ,GJ_SETTLEMENT_3,2021,Urban Cluster,5082958,11268.42,DEGURBA
GJ,GJ_SETTLEMENT_4,2021,Rural,3709277,17465.45,DEGURBA
GJ,GJ_SETTLEMENT_5,2021,Urban Centre,3254195,4740.52,DEGURBA
GJ,GJ_SETTLEMENT_6,2021,Urban Centre,5074060,15692.3,DEGURBA
GJ,GJ_SETTLEMENT_7,2021,New Urbanising Settlement,1233251,3816.25,DEGURBA
GJ,GJ_SETTLEMENT_8,2021,New Urbanising Settlement,5331820,16800.3,DEGURBA
GJ,GJ_SETTLEMENT_9,2021,Urban Cluster,4436033,6679.7,DEGURBA
GJ,GJ_SETTLEMENT_10,2021,Urban Centre,3477455,2658.37,DEGURBA
GJ,GJ_SETTLEMENT_11,2021,Urban Cluster,4953537,5053.49,DEGURBA
GJ,GJ_SETTLEMENT_0,2022,Urban Centre,2685376,9209.03,DEGURBA
GJ,GJ_SETTLEMENT_1,2022,Rural,7563155,11681.9,DEGURBA
GJ,GJ_SETTLEMENT_2,2022,Rural,1763490,7489.64,DEGURBA
GJ,GJ_SETTLEMENT_3,2022,Rural,2687096,9998.74,DEGURBA
GJ,GJ_SETTLEMENT_4,2022,Urban Cluster,1414616,12249.92,DEGURBA
GJ,GJ_SETTLEMENT_5,2022,Urban Centre,5865245,4888.68,DEGURBA
GJ,GJ_SETTLEMENT_6,2022,Rural,6289329,12255.95,DEGURBA
GJ,GJ_SETTLEMENT_7,2022,Urban Cluster,7150855,5142.48,DEGURBA
GJ,GJ_SETTLEMENT_8,2022,Urban Cluster,7871057,18562.27,DEGURBA
GJ,GJ_SETTLEMENT_9,2022,Urban Cluster,7488430,5422.93,DEGURBA
GJ,GJ_SETTLEMENT_10,2022,Urban Centre,1862643,19044.32,DEGURBA
GJ,GJ_SETTLEMENT_11,2022,Rural,5483483,9009.02,DEGURBA
GJ,GJ_SETTLEMENT_0,2023,New Urbanising Settlement,917350,9328.0,DEGURBA
GJ,GJ_SETTLEMENT_1,2023,Urban Centre,3986279,6752.85,DEGURBA
GJ,GJ_SETTLEMENT_2,2023,Urban Centre,2702942,2778.24,DEGURBA
GJ,GJ_SETTLEMENT_3,2023,Rural,2929459,1997.36,DEGURBA
GJ,GJ_SETTLEMENT_4,2023,Urban Cluster,1003091,17173.35,DEGURBA
GJ,GJ_SETTLEMENT_5,2023,Rural,5946029,11588.08,DEGURBA
GJ,GJ_SETTLEMENT_6,2023,Rural,5210871,5398.05,DEGURBA
GJ,GJ_SETTLEMENT_7,2023,Urban Centre,5447721,3044.79,DEGURBA
GJ,GJ_SETTLEMENT_8,2023,Urban Centre,1583066,17567.76,DEGURBA
GJ,GJ_SETTLEMENT_9,2023,Rural,3329765,19898.03,DEGURBA
GJ,GJ_SETTLEMENT_10,2023,Urban Centre,3262030,4927.02,DEGURBA
GJ,GJ_SETTLEMENT_11,2023,New Urbanising Settlement,7282797,16735.5,DEGURBA
GJ,GJ_SETTLEMENT_0,2024,Urban Centre,2199271,14246.17,DEGURBA
GJ,GJ_SETTLEMENT_1,2024,Urban Cluster,5068077,18394.91,DEGURBA
GJ,GJ_SETTLEMENT_2,2024,New Urbanising Settlement,486981,18301.78,DEGURBA
GJ,GJ_SETTLEMENT_3,2024,Rural,5249258,9072.2,DEGURBA
GJ,GJ_SETTLEMENT_4,2024,Rural,5962848,19809.61,DEGURBA
GJ,GJ_SETTLEMENT_5,2024,Rural,1966624,2716.96,DEGURBA
GJ,GJ_SETTLEMENT_6,2024,New Urbanising Settlement,5388952,10677.43,DEGURBA
GJ,GJ_SETTLEMENT_7,2024,Urban Centre,1369952,11475.94,DEGURBA
GJ,GJ_SETTLEMENT_8,2024,Urban Centre,1249588,16249.63,DEGURBA
GJ,GJ_SETTLEMENT_9,2024,Urban Centre,1016008,17565.53,DEGURBA
GJ,GJ_SETTLEMENT_10,2024,New Urbanising Settlement,12771,11880.48,DEGURBA
GJ,GJ_SETTLEMENT_11,2024,Rural,6075146,4453.32,DEGURBA
GJ,GJ_SETTLEMENT_0,2025,Rural,6254500,19222.69,DEGURBA
GJ,GJ_SETTLEMENT_1,2025,Urban Centre,7904210,5206.02,DEGURBA
GJ,GJ_SETTLEMENT_2,2025,Urban Cluster,7373095,17724.67,DEGURBA
GJ,GJ_SETTLEMENT_3,2025,Rural,1579227,19012.13,DEGURBA
GJ,GJ_SETTLEMENT_4,2025,New Urbanising Settlement,5779950,10290.12,DEGURBA
GJ,GJ_SETTLEMENT_5,2025,New Urbanising Settlement,2435171,2639.78,DEGURBA
GJ,GJ_SETTLEMENT_6,2025,New Urbanising Settlement,3353184,550.76,DEGURBA
GJ,GJ_SETTLEMENT_7,2025,Urban Cluster,1967942,16219.91,DEGURBA
GJ,GJ_SETTLEMENT_8,2025,Urban Cluster,4245537,19974.72,DEGURBA
GJ,GJ_SETTLEMENT_9,2025,Urban Cluster,7196354,13171.16,DEGURBA
GJ,GJ_SETTLEMENT_10,2025,New Urbanising Settlement,7218982,3212.98,DEGURBA
GJ,GJ_SETTLEMENT_11,2025,Urban Cluster,3378816,3323.32,DEGURBA
RJ,RJ_SETTLEMENT_0,2005,Urban Cluster,4827150,18864.43,DEGURBA
RJ,RJ_SETTLEMENT_1,2005,Rural,7144783,3225.19,DEGURBA
RJ,RJ_SETTLEMENT_2,2005,Rural,7856389,12126.81,DEGURBA
RJ,RJ_SETTLEMENT_3,2005,Urban Centre,5139261,4092.41,DEGURBA
RJ,RJ_SETTLEMENT_4,2005,Rural,509254,5016.97,DEGURBA
RJ,RJ_SETTLEMENT_5,2005,Rural,5130533,9512.41,DEGURBA
RJ,RJ_SETTLEMENT_6,2005,New Urbanising Settlement,7332939,6040.26,DEGURBA
RJ,RJ_SETTLEMENT_7,2005,Urban Centre,2179232,17637.09,DEGURBA
RJ,RJ_SETTLEMENT_8,2005,New Urbanising Settlement,6212193,2082.91,DEGURBA
RJ,RJ_SETTLEMENT_9,2005,New Urbanising Settlement,1902464,15897.51,DEGURBA
RJ,RJ_SETTLEMENT_10,2005,Urban Cluster,2955822,2811.91,DEGURBA
RJ,RJ_SETTLEMENT_11,2005,Urban Centre,4942190,10381.86,DEGURBA
RJ,RJ_SETTLEMENT_0,2006,Urban Cluster,7191295,12906.52,DEGURBA
RJ,RJ_SETTLEMENT_1,2006,Rural,4954548,3342.31,DEGURBA
RJ,RJ_SETTLEMENT_2,2006,Urban Centre,5633078,1688.82,DEGURBA
RJ,RJ_SETTLEMENT_3,2006,Urban Cluster,4721430,8148.79,DEGURBA
RJ,RJ_SETTLEMENT_4,2006,Urban Centre,4582686,10280.34,DEGURBA
RJ,RJ_SETTLEMENT_5,2006,New Urbanising Settlement,88335,11473.07,DEGURBA
RJ,RJ_SETTLEMENT_6,2006,New Urbanising Settlement,3744519,12661.38,DEGURBA
RJ,RJ_SETTLEMENT_7,2006,Urban Centre,6899491,13996.29,DEGURBA
RJ,RJ_SETTLEMENT_8,2006,Urban Cluster,5827445,1236.62,DEGURBA
RJ,RJ_SETTLEMENT_9,2006,Urban Centre,4777827,18923.99,DEGURBA
RJ,RJ_SETTLEMENT_10,2006,Urban Cluster,118307,14539.28,DEGURBA
RJ,RJ_SETTLEMENT_11,2006,New Urbanising Settlement,2633015,10940.35,DEGURBA
RJ,RJ_SETTLEMENT_0,2007,New Urbanising Settlement,4075971,17151.64,DEGURBA
RJ,RJ_SETTLEMENT_1,2007,Urban Cluster,6436685,6160.71,DEGURBA
RJ,RJ_SETTLEMENT_2,2007,Urban Centre,902168,8211.05,DEGURBA
RJ,RJ_SETTLEMENT_3,2007,Rural,2907421,12614.04,DEGURBA
RJ,RJ_SETTLEMENT_4,2007,Rural,5214935,15314.12,DEGURBA
RJ,RJ_SETTLEMENT_5,2007,Urban Centre,3936660,16640.45,DEGURBA
RJ,RJ_SETTLEMENT_6,2007,New Urbanising Settlement,6708369,11414.71,DEGURBA
RJ,RJ_SETTLEMENT_7,2007,New Urbanising Settlement,3567514,9949.42,DEGURBA
RJ,RJ_SETTLEMENT_8,2007,New Urbanising Settlement,3002149,3975.83,DEGURBA
RJ,RJ_SETTLEMENT_9,2007,Urban Cluster,7188130,5318.9,DEGURBA
RJ,RJ_SETTLEMENT_10,2007,Urban Centre,2664720,8894.27,DEGURBA
RJ,RJ_SETTLEMENT_11,2007,Urban Cluster,6511798,4773.6,DEGURBA
RJ,RJ_SETTLEMENT_0,2008,Urban Centre,2285246,16196.29,DEGURBA
RJ,RJ_SETTLEMENT_1,2008,Urban Cluster,6080768,11690.38,DEGURBA
RJ,RJ_SETTLEMENT_2,2008,Urban Centre,2707348,10689.42,DEGURBA
RJ,RJ_SETTLEMENT_3,2008,Rural,4015112,7138.37,DEGURBA
RJ,RJ_SETTLEMENT_4,2008,Rural,169857,11362.75,DEGURBA
RJ,RJ_SETTLEMENT_5,2008,New Urbanising Settlement,6829117,14557.68,DEGURBA
RJ,RJ_SETTLEMENT_6,2008,New Urbanising Settlement,2914998,3641.26,DEGURBA
RJ,RJ_SETTLEMENT_7,2008,Urban Centre,1189348,9850.74,DEGURBA
RJ,RJ_SETTLEMENT_8,2008,Urban Cluster,1406094,4112.61,DEGURBA
RJ,RJ_SETTLEMENT_9,2008,New Urbanising Settlement,5222493,2726.53,DEGURBA
RJ,RJ_SETTLEMENT_10,2008,Rural,6871968,3511.23,DEGURBA
RJ,RJ_SETTLEMENT_11,2008,Urban Centre,6045244,18367.31,DEGURBA
RJ,RJ_SETTLEMENT_0,2009,Rural,3970743,11150.13,DEGURBA
RJ,RJ_SETTLEMENT_1,2009,Rural,297009,12696.51,DEGURBA
RJ,RJ_SETTLEMENT_2,2009,Rural,7430581,9927.95,DEGURBA
RJ,RJ_SETTLEMENT_3,2009,Urban Centre,6865071,11666.73,DEGURBA
RJ,RJ_SETTLEMENT_4,2009,Urban Cluster,5232500,5831.52,DEGURBA
RJ,RJ_SETTLEMENT_5,2009,Urban Cluster,1360253,17609.13,DEGURBA
RJ,RJ_SETTLEMENT_6,2009,New Urbanising Settlement,4778936,1474.98,DEGURBA
RJ,RJ_SETTLEMENT_7,2009,Urban Centre,214074,12217.52,DEGURBA
RJ,RJ_SETTLEMENT_8,2009,New Urbanising Settlement,3614068,9537.57,DEGURBA
RJ,RJ_SETTLEMENT_9,2009,New Urbanising Settlement,4218037,17004.99,DEGURBA
RJ,RJ_SETTLEMENT_10,2009,Urban Cluster,7866416,16383.46,DEGURBA
RJ,RJ_SETTLEMENT_11,2009,Urban Centre,7964915,13599.98,DEGURBA
RJ,RJ_SETTLEMENT_0,2010,Urban Cluster,2509918,2470.69,DEGURBA
RJ,RJ_SETTLEMENT_1,2010,Urban Centre,6387386,4511.7,DEGURBA
RJ,RJ_SETTLEMENT_2,2010,Urban Centre,6124782,7294.79,DEGURBA
RJ,RJ_SETTLEMENT_3,2010,Urban Centre,5080759,4833.13,DEGURBA
RJ,RJ_SETTLEMENT_4,2010,Rural,5203971,397.08,DEGURBA
RJ,RJ_SETTLEMENT_5,2010,Urban Cluster,3918567,8728.86,DEGURBA
RJ,RJ_SETTLEMENT_6,2010,New Urbanising Settlement,3946878,11202.15,DEGURBA
RJ,RJ_SETTLEMENT_7,2010,Urban Centre,4711158,4279.24,DEGURBA
RJ,RJ_SETTLEMENT_8,2010,New Urbanising Settlement,6103385,7942.64,DEGURBA
RJ,RJ_SETTLEMENT_9,2010,Urban Cluster,6771977,19937.14,DEGURBA
RJ,RJ_SETTLEMENT_10,2010,Rural,706916,351.88,DEGURBA
RJ,RJ_SETTLEMENT_11,2010,Rural,3583827,12279.57,DEGURBA
RJ,RJ_SETTLEMENT_0,2011,Urban Centre,1258975,17588.18,DEGURBA
RJ,RJ_SETTLEMENT_1,2011,New Urbanising Settlement,1401688,4708.75,DEGURBA
RJ,RJ_SETTLEMENT_2,2011,Urban Cluster,1007581,16217.91,DEGURBA
RJ,RJ_SETTLEMENT_3,2011,Urban Centre,993323,4890.92,DEGURBA
RJ,RJ_SETTLEMENT_4,2011,New Urbanising Settlement,3223669,3346.77,DEGURBA
RJ,RJ_SETTLEMENT_5,2011,Urban Centre,2119797,1984.26,DEGURBA
RJ,RJ_SETTLEMENT_6,2011,Urban Cluster,5036470,12833.52,DEGURBA
RJ,RJ_SETTLEMENT_7,2011,Urban Cluster,5833082,19966.24,DEGURBA
RJ,RJ_SETTLEMENT_8,2011,New Urbanising Settlement,5160154,13944.04,DEGURBA
RJ,RJ_SETTLEMENT_9,2011,Urban Cluster,6677351,11603.58,DEGURBA
RJ,RJ_SETTLEMENT_10,2011,Urban Centre,2222506,8271.89,DEGURBA
RJ,RJ_SETTLEMENT_11,2011,New Urbanising Settlement,7940228,8032.44,DEGURBA
RJ,RJ_SETTLEMENT_0,2012,Urban Cluster,7296352,2237.65,DEGURBA
RJ,RJ_SETTLEMENT_1,2012,New Urbanising Settlement,4544205,1291.99,DEGURBA
RJ,RJ_SETTLEMENT_2,2012,Urban Cluster,4938065,9240.76,DEGURBA
RJ,RJ_SETTLEMENT_3,2012,New Urbanising Settlement,3951212,3287.55,DEGURBA
RJ,RJ_SETTLEMENT_4,2012,New Urbanising Settlement,922831,15290.9,DEGURBA
RJ,RJ_SETTLEMENT_5,2012,Urban Cluster,4274918,18446.51,DEGURBA
RJ,RJ_SETTLEMENT_6,2012,New Urbanising Settlement,7622130,3430.17,DEGURBA
RJ,RJ_SETTLEMENT_7,2012,New Urbanising Settlement,6747213,18319.8,DEGURBA
RJ,RJ_SETTLEMENT_8,2012,Rural,6571825,6617.6,DEGURBA
RJ,RJ_SETTLEMENT_9,2012,Urban Centre,3033187,12404.32,DEGURBA
RJ,RJ_SETTLEMENT_10,2012,New Urbanising Settlement,7894111,10716.82,DEGURBA
RJ,RJ_SETTLEMENT_11,2012,Urban Cluster,1515190,13658.23,DEGURBA
RJ,RJ_SETTLEMENT_0,2013,Urban Cluster,1983524,17467.79,DEGURBA
RJ,RJ_SETTLEMENT_1,2013,New Urbanising Settlement,5639350,7825.79,DEGURBA
RJ,RJ_SETTLEMENT_2,2013,Urban Cluster,6951811,7739.52,DEGURBA
RJ,RJ_SETTLEMENT_3,2013,Urban Cluster,5366783,615.46,DEGURBA
RJ,RJ_SETTLEMENT_4,2013,Urban Cluster,3964444,18636.93,DEGURBA
RJ,RJ_SETTLEMENT_5,2013,Urban Cluster,6475552,8677.88,DEGURBA
RJ,RJ_SETTLEMENT_6,2013,Urban Centre,5330056,9366.16,DEGURBA
RJ,RJ_SETTLEMENT_7,2013,Urban Centre,5451229,567.4,DEGURBA
RJ,RJ_SETTLEMENT_8,2013,Urban Centre,6791227,18431.97,DEGURBA
RJ,RJ_SETTLEMENT_9,2013,Urban Cluster,886811,4376.86,DEGURBA
RJ,RJ_SETTLEMENT_10,2013,Urban Centre,1099833,16213.1,DEGURBA
RJ,RJ_SETTLEMENT_11,2013,New Urbanising Settlement,5502439,17664.68,DEGURBA
RJ,RJ_SETTLEMENT_0,2014,New Urbanising Settlement,3991638,18830.94,DEGURBA
RJ,RJ_SETTLEMENT_1,2014,Urban Centre,6096544,13243.8,DEGURBA
RJ,RJ_SETTLEMENT_2,2014,Rural,71024,15683.49,DEGURBA
RJ,RJ_SETTLEMENT_3,2014,Rural,5693369,1168.45,DEGURBA
RJ,RJ_SETTLEMENT_4,2014,Rural,4816776,17103.18,DEGURBA
RJ,RJ_SETTLEMENT_5,2014,Urban Cluster,5928463,10439.69,DEGURBA
RJ,RJ_SETTLEMENT_6,2014,Urban Cluster,986153,2771.88,DEGURBA
RJ,RJ_SETTLEMENT_7,2014,New Urbanising Settlement,6978682,15781.8,DEGURBA
RJ,RJ_SETTLEMENT_8,2014,Urban Centre,4925087,9430.58,DEGURBA
RJ,RJ_SETTLEMENT_9,2014,New Urbanising Settlement,2970725,17604.83,DEGURBA
RJ,RJ_SETTLEMENT_10,2014,New Urbanising Settlement,397848,7561.66,DEGURBA
RJ,RJ_SETTLEMENT_11,2014,Urban Centre,1547666,11593.73,DEGURBA
RJ,RJ_SETTLEMENT_0,2015,Rural,3158554,6272.14,DEGURBA
RJ,RJ_SETTLEMENT_1,2015,Urban Centre,3810142,11563.45,DEGURBA
RJ,RJ_SETTLEMENT_2,2015,Rural,7975305,19310.02,DEGURBA
RJ,RJ_SETTLEMENT_3,2015,Urban Centre,939112,16302.41,DEGURBA
RJ,RJ_SETTLEMENT_4,2015,New Urbanising Settlement,4854039,11486.75,DEGURBA
RJ,RJ_SETTLEMENT_5,2015,Urban Centre,5718520,6541.12,DEGURBA
RJ,RJ_SETTLEMENT_6,2015,New Urbanising Settlement,2939139,2482.79,DEGURBA
RJ,RJ_SETTLEMENT_7,2015,Rural,1281502,817.01,DEGURBA
RJ,RJ_SETTLEMENT_8,2015,Rural,5509774,4520.62,DEGURBA
RJ,RJ_SETTLEMENT_9,2015,Urban Centre,6655992,9937.13,DEGURBA
RJ,RJ_SETTLEMENT_10,2015,New Urbanising Settlement,7954941,1739.36,DEGURBA
RJ,RJ_SETTLEMENT_11,2015,Urban Centre,3610081,19075.78,DEGURBA
RJ,RJ_SETTLEMENT_0,2016,New Urbanising Settlement,7277916,6239.37,DEGURBA
RJ,RJ_SETTLEMENT_1,2016,Rural,2539002,3147.97,DEGURBA
RJ,RJ_SETTLEMENT_2,2016,Urban Centre,6053358,7460.99,DEGURBA
RJ,RJ_SETTLEMENT_3,2016,New Urbanising Settlement,5663006,3308.17,DEGURBA
RJ,RJ_SETTLEMENT_4,2016,Urban Centre,5833640,15080.13,DEGURBA
RJ,RJ_SETTLEMENT_5,2016,New Urbanising Settlement,3149753,1090.87,DEGURBA
RJ,RJ_SETTLEMENT_6,2016,Urban Cluster,1129503,13209.51,DEGURBA
RJ,RJ_SETTLEMENT_7,2016,Urban Centre,5251488,9979.59,DEGURBA
RJ,RJ_SETTLEMENT_8,2016,Rural,3598445,3568.93,DEGURBA
RJ,RJ_SETTLEMENT_9,2016,New Urbanising Settlement,7846162,6552.32,DEGURBA
RJ,RJ_SETTLEMENT_10,2016,Urban Centre,7138074,8000.43,DEGURBA
RJ,RJ_SETTLEMENT_11,2016,Urban Centre,7650199,7477.13,DEGURBA
RJ,RJ_SETTLEMENT_0,2017,Rural,1429073,14880.75,DEGURBA
RJ,RJ_SETTLEMENT_1,2017,Urban Centre,3279198,18746.93,DEGURBA
RJ,RJ_SETTLEMENT_2,2017,Urban Centre,4654191,3951.24,DEGURBA
RJ,RJ_SETTLEMENT_3,2017,New Urbanising Settlement,5276457,11978.56,DEGURBA
RJ,RJ_SETTLEMENT_4,2017,New Urbanising Settlement,326044,286.19,DEGURBA
RJ,RJ_SETTLEMENT_5,2017,Rural,4976131,17550.86,DEGURBA
RJ,RJ_SETTLEMENT_6,2017,New Urbanising Settlement,3450929,6973.12,DEGURBA
RJ,RJ_SETTLEMENT_7,2017,Urban Cluster,5084336,11654.53,DEGURBA
RJ,RJ_SETTLEMENT_8,2017,Urban Cluster,2026591,13341.16,DEGURBA
RJ,RJ_SETTLEMENT_9,2017,Urban Cluster,4179333,16504.38,DEGURBA
RJ,RJ_SETTLEMENT_10,2017,Urban Centre,2708855,4319.32,DEGURBA
RJ,RJ_SETTLEMENT_11,2017,Urban Centre,648300,10610.62,DEGURBA
RJ,RJ_SETTLEMENT_0,2018,Urban Centre,2778971,6730.59,DEGURBA
RJ,RJ_SETTLEMENT_1,2018,New Urbanising Settlement,214176,9624.32,DEGURBA
RJ,RJ_SETTLEMENT_2,2018,Urban Cluster,6549026,14361.54,DEGURBA
RJ,RJ_SETTLEMENT_3,2018,Urban Centre,7246700,13881.29,DEGURBA
RJ,RJ_SETTLEMENT_4,2018,Rural,178403,9169.88,DEGURBA
RJ,RJ_SETTLEMENT_5,2018,Urban Cluster,2038621,16892.26,DEGURBA
RJ,RJ_SETTLEMENT_6,2018,Rural,7694357,10253.99,DEGURBA
RJ,RJ_SETTLEMENT_7,2018,New Urbanising Settlement,4737135,14070.04,DEGURBA
RJ,RJ_SETTLEMENT_8,2018,Urban Centre,3522290,16229.67,DEGURBA
RJ,RJ_SETTLEMENT_9,2018,Urban Cluster,1778951,9411.74,DEGURBA
RJ,RJ_SETTLEMENT_10,2018,New Urbanising Settlement,779071,14793.11,DEGURBA
RJ,RJ_SETTLEMENT_11,2018,Urban Cluster,3154271,11032.88,DEGURBA
RJ,RJ_SETTLEMENT_0,2019,Urban Cluster,6260261,9088.75,DEGURBA
RJ,RJ_SETTLEMENT_1,2019,New Urbanising Settlement,6564716,16922.22,DEGURBA
RJ,RJ_SETTLEMENT_2,2019,New Urbanising Settlement,3837682,17015.32,DEGURBA
RJ,RJ_SETTLEMENT_3,2019,Rural,7642587,808.91,DEGURBA
RJ,RJ_SETTLEMENT_4,2019,Urban Cluster,4417406,3125.02,DEGURBA
RJ,RJ_SETTLEMENT_5,2019,Urban Cluster,4060831,2308.63,DEGURBA
RJ,RJ_SETTLEMENT_6,2019,New Urbanising Settlement,1735174,14953.8,DEGURBA
RJ,RJ_SETTLEMENT_7,2019,Urban Centre,1786157,4346.41,DEGURBA
RJ,RJ_SETTLEMENT_8,2019,New Urbanising Settlement,6050084,13751.17,DEGURBA
RJ,RJ_SETTLEMENT_9,2019,Urban Centre,1038546,5047.53,DEGURBA
RJ,RJ_SETTLEMENT_10,2019,Urban Cluster,186410,4555.94,DEGURBA
RJ,RJ_SETTLEMENT_11,2019,Urban Cluster,5153663,14373.23,DEGURBA
RJ,RJ_SETTLEMENT_0,2020,New Urbanising Settlement,6447573,15921.11,DEGURBA
RJ,RJ_SETTLEMENT_1,2020,Rural,5568482,15390.26,DEGURBA
RJ,RJ_SETTLEMENT_2,2020,Urban Centre,3074180,14028.21,DEGURBA
RJ,RJ_SETTLEMENT_3,2020,New Urbanising Settlement,7074395,14383.92,DEGURBA
RJ,RJ_SETTLEMENT_4,2020,Urban Centre,5259162,2749.48,DEGURBA
RJ,RJ_SETTLEMENT_5,2020,New Urbanising Settlement,247720,18402.07,DEGURBA
RJ,RJ_SETTLEMENT_6,2020,Urban Cluster,7852450,9785.95,DEGURBA
RJ,RJ_SETTLEMENT_7,2020,Urban Centre,334649,5799.08,DEGURBA
RJ,RJ_SETTLEMENT_8,2020,Rural,382150,18703.72,DEGURBA
RJ,RJ_SETTLEMENT_9,2020,New Urbanising Settlement,5236987,8512.65,DEGURBA
RJ,RJ_SETTLEMENT_10,2020,New Urbanising Settlement,4576586,7112.56,DEGURBA
RJ,RJ_SETTLEMENT_11,2020,Rural,5730196,7907.34,DEGURBA
RJ,RJ_SETTLEMENT_0,2021,Urban Centre,1733207,19623.85,DEGURBA
RJ,RJ_SETTLEMENT_1,2021,New Urbanising Settlement,3667391,16932.95,DEGURBA
RJ,RJ_SETTLEMENT_2,2021,New Urbanising Settlement,709990,19679.84,DEGURBA
RJ,RJ_SETTLEMENT_3,2021,Urban Centre,1495852,9818.07,DEGURBA
RJ,RJ_SETTLEMENT_4,2021,New Urbanising Settlement,6528058,520.46,DEGURBA
RJ,RJ_SETTLEMENT_5,2021,Rural,5587759,11687.86,DEGURBA
RJ,RJ_SETTLEMENT_6,2021,Rural,4954027,1026.15,DEGURBA
RJ,RJ_SETTLEMENT_7,2021,New Urbanising Settlement,157721,12530.67,DEGURBA
RJ,RJ_SETTLEMENT_8,2021,Urban Cluster,3560495,15060.2,DEGURBA
RJ,RJ_SETTLEMENT_9,2021,Rural,5403681,825.64,DEGURBA
RJ,RJ_SETTLEMENT_10,2021,Rural,5286598,2923.5,DEGURBA
RJ,RJ_SETTLEMENT_11,2021,Urban Cluster,1311159,18289.44,DEGURBA
RJ,RJ_SETTLEMENT_0,2022,Urban Cluster,6979203,16174.28,DEGURBA
RJ,RJ_SETTLEMENT_1,2022,Rural,4635981,17193.64,DEGURBA
RJ,RJ_SETTLEMENT_2,2022,Rural,4999152,1754.66,DEGURBA
RJ,RJ_SETTLEMENT_3,2022,New Urbanising Settlement,5704540,15312.28,DEGURBA
RJ,RJ_SETTLEMENT_4,2022,Urban Cluster,6029534,7435.43,DEGURBA
RJ,RJ_SETTLEMENT_5,2022,New Urbanising Settlement,7384619,13795.87,DEGURBA
RJ,RJ_SETTLEMENT_6,2022,Urban Cluster,6634628,9453.7,DEGURBA
RJ,RJ_SETTLEMENT_7,2022,Urban Cluster,4093039,15803.09,DEGURBA
RJ,RJ_SETTLEMENT_8,2022,Rural,646518,4905.62,DEGURBA
RJ,RJ_SETTLEMENT_9,2022,Rural,7140188,3142.81,DEGURBA
RJ,RJ_SETTLEMENT_10,2022,Urban Centre,5267001,1448.77,DEGURBA
RJ,RJ_SETTLEMENT_11,2022,New Urbanising Settlement,4884975,19693.84,DEGURBA
RJ,RJ_SETTLEMENT_0,2023,Rural,7338569,6836.83,DEGURBA
RJ,RJ_SETTLEMENT_1,2023,Urban Cluster,836299,16717.73,DEGURBA
RJ,RJ_SETTLEMENT_2,2023,Urban Centre,1001552,12500.98,DEGURBA
RJ,RJ_SETTLEMENT_3,2023,Urban Centre,3279807,14263.02,DEGURBA
RJ,RJ_SETTLEMENT_4,2023,New Urbanising Settlement,2808777,2922.37,DEGURBA
RJ,RJ_SETTLEMENT_5,2023,Urban Cluster,5649175,9024.72,DEGURBA
RJ,RJ_SETTLEMENT_6,2023,Urban Centre,3973022,6244.28,DEGURBA
RJ,RJ_SETTLEMENT_7,2023,Urban Cluster,2437414,18535.65,DEGURBA
RJ,RJ_SETTLEMENT_8,2023,Urban Centre,4303623,1225.66,DEGURBA
RJ,RJ_SETTLEMENT_9,2023,Rural,5727009,14078.01,DEGURBA
RJ,RJ_SETTLEMENT_10,2023,Urban Cluster,4024349,15096.41,DEGURBA
RJ,RJ_SETTLEMENT_11,2023,Urban Centre,5433397,993.2,DEGURBA
RJ,RJ_SETTLEMENT_0,2024,Urban Cluster,2335193,12889.27,DEGURBA
RJ,RJ_SETTLEMENT_1,2024,Rural,5057819,19339.13,DEGURBA
RJ,RJ_SETTLEMENT_2,2024,Urban Centre,6865483,11878.87,DEGURBA
RJ,RJ_SETTLEMENT_3,2024,New Urbanising Settlement,877231,1515.84,DEGURBA
RJ,RJ_SETTLEMENT_4,2024,Rural,4238763,13859.66,DEGURBA
RJ,RJ_SETTLEMENT_5,2024,Urban Cluster,2889821,8707.21,DEGURBA
RJ,RJ_SETTLEMENT_6,2024,Urban Cluster,4251499,15929.66,DEGURBA
RJ,RJ_SETTLEMENT_7,2024,Rural,141365,1725.24,DEGURBA
RJ,RJ_SETTLEMENT_8,2024,Urban Centre,887961,18404.54,DEGURBA
RJ,RJ_SETTLEMENT_9,2024,Rural,3753863,8153.09,DEGURBA
RJ,RJ_SETTLEMENT_10,2024,Rural,4005878,12064.93,DEGURBA
RJ,RJ_SETTLEMENT_11,2024,Urban Centre,5319176,3713.43,DEGURBA
RJ,RJ_SETTLEMENT_0,2025,New Urbanising Settlement,924419,8893.06,DEGURBA
RJ,RJ_SETTLEMENT_1,2025,Urban Centre,3493222,9393.79,DEGURBA
RJ,RJ_SETTLEMENT_2,2025,Urban Cluster,3409768,14667.14,DEGURBA
RJ,RJ_SETTLEMENT_3,2025,Rural,2111471,9497.63,DEGURBA
RJ,RJ_SETTLEMENT_4,2025,Urban Centre,4948960,8733.32,DEGURBA
RJ,RJ_SETTLEMENT_5,2025,Rural,3294451,19416.99,DEGURBA
RJ,RJ_SETTLEMENT_6,2025,Urban Cluster,71083,2410.21,DEGURBA
RJ,RJ_SETTLEMENT_7,2025,Rural,2943341,16423.52,DEGURBA
RJ,RJ_SETTLEMENT_8,2025,Urban Centre,4775728,6547.76,DEGURBA
RJ,RJ_SETTLEMENT_9,2025,Urban Centre,7629412,14485.1,DEGURBA
RJ,RJ_SETTLEMENT_10,2025,New Urbanising Settlement,7751512,15765.38,DEGURBA
RJ,RJ_SETTLEMENT_11,2025,Urban Centre,1372089,13432.13,DEGURBA
UP,UP_SETTLEMENT_0,2005,Urban Cluster,4506661,4705.73,DEGURBA
UP,UP_SETTLEMENT_1,2005,Rural,314982,12348.97,DEGURBA
UP,UP_SETTLEMENT_2,2005,Urban Cluster,2014414,2166.01,DEGURBA
UP,UP_SETTLEMENT_3,2005,Urban Cluster,4995058,7487.78,DEGURBA
UP,UP_SETTLEMENT_4,2005,New Urbanising Settlement,3931719,16668.08,DEGURBA
UP,UP_SETTLEMENT_5,2005,Urban Centre,6142364,3608.92,DEGURBA
UP,UP_SETTLEMENT_6,2005,Rural,2108884,14731.75,DEGURBA
UP,UP_SETTLEMENT_7,2005,Rural,2348480,15736.58,DEGURBA
UP,UP_SETTLEMENT_8,2005,Urban Centre,7401316,4012.19,DEGURBA
UP,UP_SETTLEMENT_9,2005,Urban Cluster,4066667,14873.5,DEGURBA
UP,UP_SETTLEMENT_10,2005,Rural,2440296,2273.16,DEGURBA
UP,UP_SETTLEMENT_11,2005,New Urbanising Settlement,15300,6134.02,DEGURBA
UP,UP_SETTLEMENT_0,2006,Urban Centre,650515,3124.93,DEGURBA
UP,UP_SETTLEMENT_1,2006,New Urbanising Settlement,1737026,11935.03,DEGURBA
UP,UP_SETTLEMENT_2,2006,Urban Centre,424870,609.1,DEGURBA
UP,UP_SETTLEMENT_3,2006,Urban Cluster,3058569,5951.96,DEGURBA
UP,UP_SETTLEMENT_4,2006,Rural,4551705,2150.6,DEGURBA
UP,UP_SETTLEMENT_5,2006,Rural,164947,2573.74,DEGURBA
UP,UP_SETTLEMENT_6,2006,Urban Cluster,6437826,3609.33,DEGURBA
UP,UP_SETTLEMENT_7,2006,New Urbanising Settlement,855086,13492.33,DEGURBA
UP,UP_SETTLEMENT_8,2006,Rural,4193950,13739.7,DEGURBA
UP,UP_SETTLEMENT_9,2006,Urban Cluster,871236,9692.35,DEGURBA
UP,UP_SETTLEMENT_10,2006,New Urbanising Settlement,1040016,14444.21,DEGURBA
UP,UP_SETTLEMENT_11,2006,Urban Cluster,930894,19864.79,DEGURBA
UP,UP_SETTLEMENT_0,2007,New Urbanising Settlement,632800,3683.68,DEGURBA
UP,UP_SETTLEMENT_1,2007,Urban Centre,7151789,4857.06,DEGURBA
UP,UP_SETTLEMENT_2,2007,New Urbanising Settlement,666311,2690.78,DEGURBA
UP,UP_SETTLEMENT_3,2007,Urban Cluster,7682806,17224.49,DEGURBA
UP,UP_SETTLEMENT_4,2007,Urban Cluster,4615580,3613.38,DEGURBA
UP,UP_SETTLEMENT_5,2007,Urban Cluster,893580,15503.05,DEGURBA
UP,UP_SETTLEMENT_6,2007,Rural,6238834,1407.24,DEGURBA
UP,UP_SETTLEMENT_7,2007,Rural,2602192,13893.62,DEGURBA
UP,UP_SETTLEMENT_8,2007,Rural,6389609,14445.64,DEGURBA
UP,UP_SETTLEMENT_9,2007,Urban Cluster,1532699,5429.39,DEGURBA
UP,UP_SETTLEMENT_10,2007,Urban Centre,869685,9616.29,DEGURBA
UP,UP_SETTLEMENT_11,2007,Urban Cluster,5128650,8199.33,DEGURBA
UP,UP_SETTLEMENT_0,2008,Rural,6945622,11627.18,DEGURBA
UP,UP_SETTLEMENT_1,2008,Rural,3160523,994.19,DEGURBA
UP,UP_SETTLEMENT_2,2008,Urban Centre,6316636,2829.37,DEGURBA
UP,UP_SETTLEMENT_3,2008,New Urbanising Settlement,502502,10301.81,DEGURBA
UP,UP_SETTLEMENT_4,2008,New Urbanising Settlement,5487781,1820.1,DEGURBA
UP,UP_SETTLEMENT_5,2008,Urban Centre,2466563,478.81,DEGURBA
UP,UP_SETTLEMENT_6,2008,New Urbanising Settlement,6135322,11120.34,DEGURBA
UP,UP_SETTLEMENT_7,2008,Urban Cluster,125469,10726.92,DEGURBA
UP,UP_SETTLEMENT_8,2008,Rural,5102989,5006.47,DEGURBA
UP,UP_SETTLEMENT_9,2008,Rural,1206048,10785.33,DEGURBA
UP,UP_SETTLEMENT_10,2008,Urban Cluster,3402401,10391.94,DEGURBA
UP,UP_SETTLEMENT_11,2008,New Urbanising Settlement,1166974,6109.01,DEGURBA
UP,UP_SETTLEMENT_0,2009,Urban Cluster,7116696,6627.14,DEGURBA
UP,UP_SETTLEMENT_1,2009,Urban Cluster,2404623,8456.37,DEGURBA
UP,UP_SETTLEMENT_2,2009,New Urbanising Settlement,7214463,8020.5,DEGURBA
UP,UP_SETTLEMENT_3,2009,Urban Cluster,3853664,15220.59,DEGURBA
UP,UP_SETTLEMENT_4,2009,Rural,478945,15990.79,DEGURBA
UP,UP_SETTLEMENT_5,2009,Rural,4468460,5270.92,DEGURBA
UP,UP_SETTLEMENT_6,2009,Urban Centre,3246388,4158.1,DEGURBA
UP,UP_SETTLEMENT_7,2009,New Urbanising Settlement,2066882,17772.68,DEGURBA
UP,UP_SETTLEMENT_8,2009,New Urbanising Settlement,5399145,2264.02,DEGURBA
UP,UP_SETTLEMENT_9,2009,Urban Centre,6865088,15626.14,DEGURBA
UP,UP_SETTLEMENT_10,2009,New Urbanising Settlement,1501418,7403.89,DEGURBA
UP,UP_SETTLEMENT_11,2009,New Urbanising Settlement,1187864,7890.48,DEGURBA
UP,UP_SETTLEMENT_0,2010,Rural,4618898,15408.18,DEGURBA
UP,UP_SETTLEMENT_1,2010,Rural,7984137,7806.95,DEGURBA
UP,UP_SETTLEMENT_2,2010,Urban Cluster,3572516,12337.12,DEGURBA
UP,UP_SETTLEMENT_3,2010,New Urbanising Settlement,2678487,16240.51,DEGURBA
UP,UP_SETTLEMENT_4,2010,Rural,4816016,10202.13,DEGURBA
UP,UP_SETTLEMENT_5,2010,Urban Centre,4215044,15071.57,DEGURBA
UP,UP_SETTLEMENT_6,2010,Urban Centre,1935410,19136.74,DEGURBA
UP,UP_SETTLEMENT_7,2010,Rural,2847784,5499.43,DEGURBA
UP,UP_SETTLEMENT_8,2010,Urban Cluster,2921434,15490.08,DEGURBA
UP,UP_SETTLEMENT_9,2010,Urban Centre,4452001,1449.98,DEGURBA
UP,UP_SETTLEMENT_10,2010,Urban Cluster,6192803,3063.64,DEGURBA
UP,UP_SETTLEMENT_11,2010,Rural,3383188,3283.79,DEGURBA
UP,UP_SETTLEMENT_0,2011,Urban Centre,4769544,440.93,DEGURBA
UP,UP_SETTLEMENT_1,2011,Urban Centre,5636006,7308.65,DEGURBA
UP,UP_SETTLEMENT_2,2011,Urban Centre,5375732,6592.19,DEGURBA
UP,UP_SETTLEMENT_3,2011,Urban Centre,1614380,18845.56,DEGURBA
UP,UP_SETTLEMENT_4,2011,Urban Centre,4059238,6812.28,DEGURBA
UP,UP_SETTLEMENT_5,2011,Urban Centre,1357518,13025.56,DEGURBA
UP,UP_SETTLEMENT_6,2011,New Urbanising Settlement,4184881,12792.84,DEGURBA
UP,UP_SETTLEMENT_7,2011,New Urbanising Settlement,4141363,4298.62,DEGURBA
UP,UP_SETTLEMENT_8,2011,Rural,6954867,16652.93,DEGURBA
UP,UP_SETTLEMENT_9,2011,Urban Cluster,3607816,13314.96,DEGURBA
UP,UP_SETTLEMENT_10,2011,Urban Centre,7544334,1356.25,DEGURBA
UP,UP_SETTLEMENT_11,2011,Urban Centre,7804205,19237.12,DEGURBA
UP,UP_SETTLEMENT_0,2012,Urban Cluster,4602369,7691.4,DEGURBA
UP,UP_SETTLEMENT_1,2012,Urban Cluster,6738789,10585.48,DEGURBA
UP,UP_SETTLEMENT_2,2012,Urban Centre,1645626,14777.5,DEGURBA
UP,UP_SETTLEMENT_3,2012,Rural,6240189,3469.94,DEGURBA
UP,UP_SETTLEMENT_4,2012,Urban Centre,6107164,4633.38,DEGURBA
UP,UP_SETTLEMENT_5,2012,New Urbanising Settlement,6210615,2471.77,DEGURBA
UP,UP_SETTLEMENT_6,2012,Rural,6085367,7633.93,DEGURBA
UP,UP_SETTLEMENT_7,2012,New Urbanising Settlement,780411,16574.14,DEGURBA
UP,UP_SETTLEMENT_8,2012,Urban Cluster,6588015,15999.35,DEGURBA
UP,UP_SETTLEMENT_9,2012,Rural,6260070,19724.75,DEGURBA
UP,UP_SETTLEMENT_10,2012,New Urbanising Settlement,4254754,1296.51,DEGURBA
UP,UP_SETTLEMENT_11,2012,New Urbanising Settlement,2830119,17686.43,DEGURBA
UP,UP_SETTLEMENT_0,2013,New Urbanising Settlement,3703858,7048.62,DEGURBA
UP,UP_SETTLEMENT_1,2013,New Urbanising Settlement,6530950,9893.91,DEGURBA
UP,UP_SETTLEMENT_2,2013,New Urbanising Settlement,6861538,19009.23,DEGURBA
UP,UP_SETTLEMENT_3,2013,New Urbanising Settlement,3251971,17355.69,DEGURBA
UP,UP_SETTLEMENT_4,2013,Urban Centre,3875240,4502.12,DEGURBA
UP,UP_SETTLEMENT_5,2013,Urban Cluster,3703315,14235.37,DEGURBA
UP,UP_SETTLEMENT_6,2013,Urban Cluster,1223296,11510.98,DEGURBA
UP,UP_SETTLEMENT_7,2013,Urban Cluster,3671796,12028.5,DEGURBA
UP,UP_SETTLEMENT_8,2013,New Urbanising Settlement,4536339,4562.36,DEGURBA
UP,UP_SETTLEMENT_9,2013,Rural,5450778,12050.37,DEGURBA
UP,UP_SETTLEMENT_10,2013,Urban Cluster,2737467,7623.96,DEGURBA
UP,UP_SETTLEMENT_11,2013,Urban Centre,4262044,18826.79,DEGURBA
UP,UP_SETTLEMENT_0,2014,Urban Cluster,6794962,224.62,DEGURBA
UP,UP_SETTLEMENT_1,2014,Urban Centre,1126972,14847.94,DEGURBA
UP,UP_SETTLEMENT_2,2014,Rural,226519,7518.17,DEGURBA
UP,UP_SETTLEMENT_3,2014,Urban Centre,7949320,9164.46,DEGURBA
UP,UP_SETTLEMENT_4,2014,Rural,2897735,8624.07,DEGURBA
UP,UP_SETTLEMENT_5,2014,Rural,7679200,19533.03,DEGURBA
UP,UP_SETTLEMENT_6,2014,New Urbanising Settlement,6339639,14410.31,DEGURBA
UP,UP_SETTLEMENT_7,2014,Rural,95254,6714.45,DEGURBA
UP,UP_SETTLEMENT_8,2014,Urban Centre,1718196,4006.19,DEGURBA
UP,UP_SETTLEMENT_9,2014,Urban Centre,3386281,3311.82,DEGURBA
UP,UP_SETTLEMENT_10,2014,New Urbanising Settlement,950859,13341.52,DEGURBA
UP,UP_SETTLEMENT_11,2014,Urban Cluster,6646319,17448.42,DEGURBA
UP,UP_SETTLEMENT_0,2015,New Urbanising Settlement,4439306,4662.18,DEGURBA
UP,UP_SETTLEMENT_1,2015,Rural,7935356,9481.27,DEGURBA
UP,UP_SETTLEMENT_2,2015,Urban Cluster,2495041,2737.47,DEGURBA
UP,UP_SETTLEMENT_3,2015,New Urbanising Settlement,6696443,12417.67,DEGURBA
UP,UP_SETTLEMENT_4,2015,New Urbanising Settlement,5678298,7605.19,DEGURBA
UP,UP_SETTLEMENT_5,2015,Rural,1751772,11453.43,DEGURBA
UP,UP_SETTLEMENT_6,2015,New Urbanising Settlement,174640,7580.99,DEGURBA
UP,UP_SETTLEMENT_7,2015,Urban Centre,5343248,10445.82,DEGURBA
UP,UP_SETTLEMENT_8,2015,Rural,4747796,8838.09,DEGURBA
UP,UP_SETTLEMENT_9,2015,New Urbanising Settlement,5264523,18125.95,DEGURBA
UP,UP_SETTLEMENT_10,2015,Rural,3495296,11410.58,DEGURBA
UP,UP_SETTLEMENT_11,2015,New Urbanising Settlement,5533922,12232.91,DEGURBA
UP,UP_SETTLEMENT_0,2016,Urban Centre,5949675,8057.66,DEGURBA
UP,UP_SETTLEMENT_1,2016,Rural,2245556,17661.44,DEGURBA
UP,UP_SETTLEMENT_2,2016,Urban Centre,4688163,10839.44,DEGURBA
UP,UP_SETTLEMENT_3,2016,Urban Cluster,7880356,3860.97,DEGURBA
UP,UP_SETTLEMENT_4,2016,Urban Centre,7314356,15524.42,DEGURBA
UP,UP_SETTLEMENT_5,2016,Urban Cluster,809491,17668.94,DEGURBA
UP,UP_SETTLEMENT_6,2016,New Urbanising Settlement,775833,10265.27,DEGURBA
UP,UP_SETTLEMENT_7,2016,Rural,782277,10433.6,DEGURBA
UP,UP_SETTLEMENT_8,2016,Rural,2522572,19793.35,DEGURBA
UP,UP_SETTLEMENT_9,2016,Urban Cluster,946819,2773.11,DEGURBA
UP,UP_SETTLEMENT_10,2016,New Urbanising Settlement,7844695,13687.31,DEGURBA
UP,UP_SETTLEMENT_11,2016,Rural,4111652,14719.63,DEGURBA
UP,UP_SETTLEMENT_0,2017,Rural,1417547,12626.61,DEGURBA
UP,UP_SETTLEMENT_1,2017,Urban Centre,2304184,11054.68,DEGURBA
UP,UP_SETTLEMENT_2,2017,Urban Cluster,7702965,1947.04,DEGURBA
UP,UP_SETTLEMENT_3,2017,Urban Centre,3682923,11006.39,DEGURBA
UP,UP_SETTLEMENT_4,2017,Urban Centre,7227062,18035.48,DEGURBA
UP,UP_SETTLEMENT_5,2017,Rural,3416011,16473.96,DEGURBA
UP,UP_SETTLEMENT_6,2017,Rural,5614449,14402.52,DEGURBA
UP,UP_SETTLEMENT_7,2017,Urban Cluster,4050767,4805.35,DEGURBA
UP,UP_SETTLEMENT_8,2017,Urban Centre,1747429,1605.1,DEGURBA
UP,UP_SETTLEMENT_9,2017,Rural,4810749,9322.7,DEGURBA
UP,UP_SETTLEMENT_10,2017,New Urbanising Settlement,4901544,6405.53,DEGURBA
UP,UP_SETTLEMENT_11,2017,Rural,6335386,4731.39,DEGURBA
UP,UP_SETTLEMENT_0,2018,Urban Cluster,7272104,10476.11,DEGURBA
UP,UP_SETTLEMENT_1,2018,Urban Cluster,1083734,1077.78,DEGURBA
UP,UP_SETTLEMENT_2,2018,Urban Cluster,1984072,9222.54,DEGURBA
UP,UP_SETTLEMENT_3,2018,Rural,939260,14309.9,DEGURBA
UP,UP_SETTLEMENT_4,2018,Rural,182589,3375.11,DEGURBA
UP,UP_SETTLEMENT_5,2018,New Urbanising Settlement,11586,5999.53,DEGURBA
UP,UP_SETTLEMENT_6,2018,Urban Cluster,3751193,15642.33,DEGURBA
UP,UP_SETTLEMENT_7,2018,Urban Cluster,7122536,10070.45,DEGURBA
UP,UP_SETTLEMENT_8,2018,New Urbanising Settlement,1352376,6830.55,DEGURBA
UP,UP_SETTLEMENT_9,2018,Urban Centre,3926076,9374.99,DEGURBA
UP,UP_SETTLEMENT_10,2018,Urban Cluster,1140189,17138.26,DEGURBA
UP,UP_SETTLEMENT_11,2018,Rural,5710625,17662.86,DEGURBA
UP,UP_SETTLEMENT_0,2019,Urban Centre,901009,10226.05,DEGURBA
UP,UP_SETTLEMENT_1,2019,Urban Cluster,4236829,7363.79,DEGURBA
UP,UP_SETTLEMENT_2,2019,Urban Centre,121242,2401.15,DEGURBA
UP,UP_SETTLEMENT_3,2019,Urban Cluster,112576,13697.3,DEGURBA
UP,UP_SETTLEMENT_4,2019,New Urbanising Settlement,3452755,15648.03,DEGURBA
UP,UP_SETTLEMENT_5,2019,New Urbanising Settlement,1236218,2512.88,DEGURBA
UP,UP_SETTLEMENT_6,2019,Urban Centre,3054171,2949.06,DEGURBA
UP,UP_SETTLEMENT_7,2019,Rural,1102766,15042.5,DEGURBA
UP,UP_SETTLEMENT_8,2019,New Urbanising Settlement,369385,10239.46,DEGURBA
UP,UP_SETTLEMENT_9,2019,Urban Centre,7345631,6727.96,DEGURBA
UP,UP_SETTLEMENT_10,2019,New Urbanising Settlement,7610885,14553.28,DEGURBA
UP,UP_SETTLEMENT_11,2019,Urban Cluster,2370019,14101.85,DEGURBA
UP,UP_SETTLEMENT_0,2020,Urban Centre,5930634,9294.23,DEGURBA
UP,UP_SETTLEMENT_1,2020,Rural,5928084,6433.06,DEGURBA
UP,UP_SETTLEMENT_2,2020,Urban Centre,3958322,14067.63,DEGURBA
UP,UP_SETTLEMENT_3,2020,Rural,4063675,16615.56,DEGURBA
UP,UP_SETTLEMENT_4,2020,Urban Cluster,7196738,3888.88,DEGURBA
UP,UP_SETTLEMENT_5,2020,New Urbanising Settlement,124271,13436.56,DEGURBA
UP,UP_SETTLEMENT_6,2020,New Urbanising Settlement,7894546,3940.79,DEGURBA
UP,UP_SETTLEMENT_7,2020,New Urbanising Settlement,2103786,4882.38,DEGURBA
UP,UP_SETTLEMENT_8,2020,New Urbanising Settlement,7611252,15914.57,DEGURBA
UP,UP_SETTLEMENT_9,2020,Rural,4328102,18523.94,DEGURBA
UP,UP_SETTLEMENT_10,2020,Urban Centre,4360772,428.81,DEGURBA
UP,UP_SETTLEMENT_11,2020,Rural,7205203,5729.89,DEGURBA
UP,UP_SETTLEMENT_0,2021,Urban Centre,5245793,11026.68,DEGURBA
UP,UP_SETTLEMENT_1,2021,Urban Cluster,1457397,12925.35,DEGURBA
UP,UP_SETTLEMENT_2,2021,Rural,435703,12727.76,DEGURBA
UP,UP_SETTLEMENT_3,2021,Urban Centre,5119678,3588.0,DEGURBA
UP,UP_SETTLEMENT_4,2021,Rural,5941976,10707.63,DEGURBA
UP,UP_SETTLEMENT_5,2021,Rural,7395282,4313.06,DEGURBA
UP,UP_SETTLEMENT_6,2021,Rural,6087404,8196.96,DEGURBA
UP,UP_SETTLEMENT_7,2021,New Urbanising Settlement,5378757,12197.0,DEGURBA
UP,UP_SETTLEMENT_8,2021,New Urbanising Settlement,337003,18277.11,DEGURBA
UP,UP_SETTLEMENT_9,2021,Urban Cluster,796893,4555.61,DEGURBA
UP,UP_SETTLEMENT_10,2021,Rural,141803,12555.76,DEGURBA
UP,UP_SETTLEMENT_11,2021,Urban Cluster,99138,9834.88,DEGURBA
UP,UP_SETTLEMENT_0,2022,Urban Centre,7817683,14707.18,DEGURBA
UP,UP_SETTLEMENT_1,2022,Urban Centre,5127055,3224.1,DEGURBA
UP,UP_SETTLEMENT_2,2022,Urban Cluster,7977238,2188.51,DEGURBA
UP,UP_SETTLEMENT_3,2022,Rural,4845824,6601.74,DEGURBA
UP,UP_SETTLEMENT_4,2022,Urban Cluster,4781365,6612.66,DEGURBA
UP,UP_SETTLEMENT_5,2022,Rural,155636,14996.58,DEGURBA
UP,UP_SETTLEMENT_6,2022,New Urbanising Settlement,2852833,10452.21,DEGURBA
UP,UP_SETTLEMENT_7,2022,Rural,3603285,10330.93,DEGURBA
UP,UP_SETTLEMENT_8,2022,Urban Cluster,2965072,1506.93,DEGURBA
UP,UP_SETTLEMENT_9,2022,Rural,2491441,15044.98,DEGURBA
UP,UP_SETTLEMENT_10,2022,New Urbanising Settlement,1772089,5078.15,DEGURBA
UP,UP_SETTLEMENT_11,2022,Rural,4841945,3008.63,DEGURBA
UP,UP_SETTLEMENT_0,2023,Urban Centre,1143270,6851.24,DEGURBA
UP,UP_SETTLEMENT_1,2023,Urban Cluster,7920084,19138.87,DEGURBA
UP,UP_SETTLEMENT_2,2023,Urban Centre,5487274,15783.98,DEGURBA
UP,UP_SETTLEMENT_3,2023,Urban Cluster,5146842,16815.62,DEGURBA
UP,UP_SETTLEMENT_4,2023,Urban Centre,1271828,12055.72,DEGURBA
UP,UP_SETTLEMENT_5,2023,New Urbanising Settlement,3788334,3993.58,DEGURBA
UP,UP_SETTLEMENT_6,2023,Urban Cluster,5659073,8148.48,DEGURBA
UP,UP_SETTLEMENT_7,2023,Urban Cluster,1552800,2630.24,DEGURBA
UP,UP_SETTLEMENT_8,2023,New Urbanising Settlement,7777528,12301.89,DEGURBA
UP,UP_SETTLEMENT_9,2023,Urban Centre,6566565,19508.81,DEGURBA
UP,UP_SETTLEMENT_10,2023,Rural,5780469,7098.08,DEGURBA
UP,UP_SETTLEMENT_11,2023,Urban Cluster,5761191,9218.47,DEGURBA
UP,UP_SETTLEMENT_0,2024,Rural,7300613,4483.14,DEGURBA
UP,UP_SETTLEMENT_1,2024,Urban Cluster,5950842,19327.04,DEGURBA
UP,UP_SETTLEMENT_2,2024,Urban Cluster,1188306,13737.95,DEGURBA
UP,UP_SETTLEMENT_3,2024,Urban Centre,2795060,3693.25,DEGURBA
UP,UP_SETTLEMENT_4,2024,Urban Cluster,5139354,12437.41,DEGURBA
UP,UP_SETTLEMENT_5,2024,Rural,828597,2440.55,DEGURBA
UP,UP_SETTLEMENT_6,2024,Rural,1896828,14542.27,DEGURBA
UP,UP_SETTLEMENT_7,2024,Urban Centre,2575726,9461.1,DEGURBA
UP,UP_SETTLEMENT_8,2024,Rural,1614343,11099.98,DEGURBA
UP,UP_SETTLEMENT_9,2024,Rural,44906,13757.51,DEGURBA
UP,UP_SETTLEMENT_10,2024,Urban Centre,5228445,9393.83,DEGURBA
UP,UP_SETTLEMENT_11,2024,Urban Centre,1867782,17265.82,DEGURBA
UP,UP_SETTLEMENT_0,2025,New Urbanising Settlement,83342,5335.44,DEGURBA
UP,UP_SETTLEMENT_1,2025,Urban Cluster,6311320,7323.32,DEGURBA
UP,UP_SETTLEMENT_2,2025,Urban Cluster,3731109,6692.2,DEGURBA
UP,UP_SETTLEMENT_3,2025,Urban Centre,2597224,1093.16,DEGURBA
UP,UP_SETTLEMENT_4,2025,Rural,57810,6995.96,DEGURBA
UP,UP_SETTLEMENT_5,2025,Urban Centre,3843908,19347.7,DEGURBA
UP,UP_SETTLEMENT_6,2025,Urban Cluster,6379850,16531.76,DEGURBA
UP,UP_SETTLEMENT_7,2025,Urban Cluster,6230441,19354.24,DEGURBA
UP,UP_SETTLEMENT_8,2025,New Urbanising Settlement,6323884,1734.07,DEGURBA
UP,UP_SETTLEMENT_9,2025,Rural,3864579,10802.89,DEGURBA
UP,UP_SETTLEMENT_10,2025,Urban Centre,5978581,5176.0,DEGURBA
UP,UP_SETTLEMENT_11,2025,Rural,7651684,18536.02,DEGURBA
BR,BR_SETTLEMENT_0,2005,Urban Cluster,2524879,19639.24,DEGURBA
BR,BR_SETTLEMENT_1,2005,Urban Cluster,801434,402.04,DEGURBA
BR,BR_SETTLEMENT_2,2005,Urban Centre,1444877,806.36,DEGURBA
BR,BR_SETTLEMENT_3,2005,Rural,2797836,4533.05,DEGURBA
BR,BR_SETTLEMENT_4,2005,Urban Cluster,3618176,16981.13,DEGURBA
BR,BR_SETTLEMENT_5,2005,New Urbanising Settlement,7921954,12400.8,DEGURBA
BR,BR_SETTLEMENT_6,2005,New Urbanising Settlement,4846008,10101.23,DEGURBA
BR,BR_SETTLEMENT_7,2005,New Urbanising Settlement,2328837,9190.49,DEGURBA
BR,BR_SETTLEMENT_8,2005,New Urbanising Settlement,1393085,18344.98,DEGURBA
BR,BR_SETTLEMENT_9,2005,Urban Centre,1619497,10167.4,DEGURBA
BR,BR_SETTLEMENT_10,2005,Rural,4854651,13324.18,DEGURBA
BR,BR_SETTLEMENT_11,2005,New Urbanising Settlement,3325539,705.17,DEGURBA
BR,BR_SETTLEMENT_0,2006,Rural,6220998,277.74,DEGURBA
BR,BR_SETTLEMENT_1,2006,Urban Centre,253553,3538.41,DEGURBA
BR,BR_SETTLEMENT_2,2006,Urban Centre,1080497,1202.09,DEGURBA
BR,BR_SETTLEMENT_3,2006,Urban Centre,4738425,6039.54,DEGURBA
BR,BR_SETTLEMENT_4,2006,New Urbanising Settlement,1290411,15482.0,DEGURBA
BR,BR_SETTLEMENT_5,2006,Urban Cluster,5196595,4628.77,DEGURBA
BR,BR_SETTLEMENT_6,2006,Rural,7547812,11817.98,DEGURBA
BR,BR_SETTLEMENT_7,2006,Urban Cluster,2975815,548.53,DEGURBA
BR,BR_SETTLEMENT_8,2006,New Urbanising Settlement,562004,8733.22,DEGURBA
BR,BR_SETTLEMENT_9,2006,Urban Cluster,7823594,17706.58,DEGURBA
BR,BR_SETTLEMENT_10,2006,Urban Centre,7498948,12592.63,DEGURBA
BR,BR_SETTLEMENT_11,2006,Urban Centre,7469272,14073.31,DEGURBA
BR,BR_SETTLEMENT_0,2007,Rural,3040360,11977.64,DEGURBA
BR,BR_SETTLEMENT_1,2007,Urban Cluster,3930935,15032.28,DEGURBA
BR,BR_SETTLEMENT_2,2007,New Urbanising Settlement,3234290,6381.23,DEGURBA
BR,BR_SETTLEMENT_3,2007,Urban Centre,7489954,4294.57,DEGURBA
BR,BR_SETTLEMENT_4,2007,New Urbanising Settlement,2804092,16130.02,DEGURBA
BR,BR_SETTLEMENT_5,2007,Rural,2167417,9563.74,DEGURBA
BR,BR_SETTLEMENT_6,2007,Rural,7780544,2174.53,DEGURBA
BR,BR_SETTLEMENT_7,2007,Rural,2930786,17747.98,DEGURBA
BR,BR_SETTLEMENT_8,2007,New Urbanising Settlement,6799367,15518.66,DEGURBA
BR,BR_SETTLEMENT_9,2007,New Urbanising Settlement,3530154,3203.47,DEGURBA
BR,BR_SETTLEMENT_10,2007,New Urbanising Settlement,4623305,17688.71,DEGURBA
BR,BR_SETTLEMENT_11,2007,New Urbanising Settlement,269848,10949.7,DEGURBA
BR,BR_SETTLEMENT_0,2008,Urban Cluster,6884849,9510.2,DEGURBA
BR,BR_SETTLEMENT_1,2008,Urban Cluster,2260608,1790.67,DEGURBA
BR,BR_SETTLEMENT_2,2008,Urban Centre,4569481,5254.07,DEGURBA
BR,BR_SETTLEMENT_3,2008,Urban Cluster,1549903,12976.31,DEGURBA
BR,BR_SETTLEMENT_4,2008,Rural,6449429,1800.02,DEGURBA
BR,BR_SETTLEMENT_5,2008,Urban Cluster,5997503,17466.85,DEGURBA
BR,BR_SETTLEMENT_6,2008,New Urbanising Settlement,6190190,14661.32,DEGURBA
BR,BR_SETTLEMENT_7,2008,Urban Cluster,6207325,4421.76,DEGURBA
BR,BR_SETTLEMENT_8,2008,Urban Cluster,4684041,9873.01,DEGURBA
BR,BR_SETTLEMENT_9,2008,Urban Centre,1233742,17960.66,DEGURBA
BR,BR_SETTLEMENT_10,2008,Urban Cluster,1099186,8608.77,DEGURBA
BR,BR_SETTLEMENT_11,2008,New Urbanising Settlement,311042,3390.23,DEGURBA
BR,BR_SETTLEMENT_0,2009,Urban Centre,6344067,18528.14,DEGURBA
BR,BR_SETTLEMENT_1,2009,New Urbanising Settlement,3359351,19380.25,DEGURBA
BR,BR_SETTLEMENT_2,2009,Urban Centre,2316615,9240.81,DEGURBA
BR,BR_SETTLEMENT_3,2009,New Urbanising Settlement,6620693,13298.52,DEGURBA
BR,BR_SETTLEMENT_4,2009,Urban Cluster,2088336,7539.13,DEGURBA
BR,BR_SETTLEMENT_5,2009,Urban Centre,3080822,1516.44,DEGURBA
BR,BR_SETTLEMENT_6,2009,Urban Centre,5740491,6395.58,DEGURBA
BR,BR_SETTLEMENT_7,2009,Urban Cluster,3724900,17625.52,DEGURBA
BR,BR_SETTLEMENT_8,2009,New Urbanising Settlement,4952509,18141.52,DEGURBA
BR,BR_SETTLEMENT_9,2009,Urban Centre,2630196,8070.81,DEGURBA
BR,BR_SETTLEMENT_10,2009,Rural,5236881,5143.07,DEGURBA
BR,BR_SETTLEMENT_11,2009,New Urbanising Settlement,6237458,19087.27,DEGURBA
BR,BR_SETTLEMENT_0,2010,Urban Centre,2397918,11360.63,DEGURBA
BR,BR_SETTLEMENT_1,2010,Urban Centre,5856856,17418.42,DEGURBA
BR,BR_SETTLEMENT_2,2010,Rural,6496404,12675.86,DEGURBA
BR,BR_SETTLEMENT_3,2010,Urban Centre,7453147,13776.4,DEGURBA
BR,BR_SETTLEMENT_4,2010,New Urbanising Settlement,3367583,1336.29,DEGURBA
BR,BR_SETTLEMENT_5,2010,Urban Centre,3741361,9138.89,DEGURBA
BR,BR_SETTLEMENT_6,2010,Urban Centre,3393319,15698.15,DEGURBA
BR,BR_SETTLEMENT_7,2010,Urban Centre,3576346,19526.68,DEGURBA
BR,BR_SETTLEMENT_8,2010,Urban Cluster,2520398,8692.69,DEGURBA
BR,BR_SETTLEMENT_9,2010,New Urbanising Settlement,791228,11671.4,DEGURBA
BR,BR_SETTLEMENT_10,2010,New Urbanising Settlement,6310473,3163.61,DEGURBA
BR,BR_SETTLEMENT_11,2010,New Urbanising Settlement,7095471,3892.71,DEGURBA
BR,BR_SETTLEMENT_0,2011,Rural,6211659,15901.05,DEGURBA
BR,BR_SETTLEMENT_1,2011,Urban Centre,4725103,8861.98,DEGURBA
BR,BR_SETTLEMENT_2,2011,Urban Cluster,1760830,7066.79,DEGURBA
BR,BR_SETTLEMENT_3,2011,Urban Centre,5091789,1984.04,DEGURBA
BR,BR_SETTLEMENT_4,2011,New Urbanising Settlement,5929428,18208.08,DEGURBA
BR,BR_SETTLEMENT_5,2011,Rural,7685929,19816.5,DEGURBA
BR,BR_SETTLEMENT_6,2011,Urban Cluster,6999213,1865.21,DEGURBA
BR,BR_SETTLEMENT_7,2011,New Urbanising Settlement,6827150,8288.75,DEGURBA
BR,BR_SETTLEMENT_8,2011,Urban Cluster,6984772,6777.15,DEGURBA
BR,BR_SETTLEMENT_9,2011,Urban Cluster,2861743,14388.8,DEGURBA
BR,BR_SETTLEMENT_10,2011,Urban Cluster,7717004,14739.33,DEGURBA
BR,BR_SETTLEMENT_11,2011,Urban Centre,1277149,2043.3,DEGURBA
BR,BR_SETTLEMENT_0,2012,Urban Cluster,7125473,9373.85,DEGURBA
BR,BR_SETTLEMENT_1,2012,Urban Centre,17521,10935.47,DEGURBA
BR,BR_SETTLEMENT_2,2012,Urban Centre,829653,13411.74,DEGURBA
BR,BR_SETTLEMENT_3,2012,New Urbanising Settlement,611049,11640.87,DEGURBA
BR,BR_SETTLEMENT_4,2012,Rural,4684997,9643.96,DEGURBA
BR,BR_SETTLEMENT_5,2012,New Urbanising Settlement,4734810,9922.56,DEGURBA
BR,BR_SETTLEMENT_6,2012,Rural,626436,9714.52,DEGURBA
BR,BR_SETTLEMENT_7,2012,Urban Centre,4754593,8888.97,DEGURBA
BR,BR_SETTLEMENT_8,2012,Rural,2892870,15645.21,DEGURBA
BR,BR_SETTLEMENT_9,2012,Urban Cluster,2632045,5145.43,DEGURBA
BR,BR_SETTLEMENT_10,2012,Urban Cluster,2802053,11361.3,DEGURBA
BR,BR_SETTLEMENT_11,2012,Urban Cluster,3949330,12954.73,DEGURBA
BR,BR_SETTLEMENT_0,2013,Urban Centre,495226,9930.79,DEGURBA
BR,BR_SETTLEMENT_1,2013,Rural,1306561,16296.47,DEGURBA
BR,BR_SETTLEMENT_2,2013,New Urbanising Settlement,2727541,19894.86,DEGURBA
BR,BR_SETTLEMENT_3,2013,Rural,6851315,11575.76,DEGURBA
BR,BR_SETTLEMENT_4,2013,Urban Centre,7390517,11562.94,DEGURBA
BR,BR_SETTLEMENT_5,2013,Urban Centre,961166,11977.2,DEGURBA
BR,BR_SETTLEMENT_6,2013,Urban Centre,414318,2940.42,DEGURBA
BR,BR_SETTLEMENT_7,2013,Rural,6943408,11196.77,DEGURBA
BR,BR_SETTLEMENT_8,2013,Rural,1066868,10091.33,DEGURBA
BR,BR_SETTLEMENT_9,2013,New Urbanising Settlement,6553273,4533.6,DEGURBA
BR,BR_SETTLEMENT_10,2013,Rural,4567894,14474.92,DEGURBA
BR,BR_SETTLEMENT_11,2013,Urban Cluster,4598298,869.67,DEGURBA
BR,BR_SETTLEMENT_0,2014,Urban Cluster,2238090,13647.28,DEGURBA
BR,BR_SETTLEMENT_1,2014,Urban Centre,5620075,8329.96,DEGURBA
BR,BR_SETTLEMENT_2,2014,New Urbanising Settlement,2595757,8831.5,DEGURBA
BR,BR_SETTLEMENT_3,2014,Rural,7893424,1325.41,DEGURBA
BR,BR_SETTLEMENT_4,2014,New Urbanising Settlement,7739890,11704.12,DEGURBA
BR,BR_SETTLEMENT_5,2014,Rural,1062345,19422.78,DEGURBA
BR,BR_SETTLEMENT_6,2014,New Urbanising Settlement,3051734,17940.78,DEGURBA
BR,BR_SETTLEMENT_7,2014,Rural,721123,5328.12,DEGURBA
BR,BR_SETTLEMENT_8,2014,New Urbanising Settlement,7113384,8700.04,DEGURBA
BR,BR_SETTLEMENT_9,2014,New Urbanising Settlement,2797025,7898.96,DEGURBA
BR,BR_SETTLEMENT_10,2014,Rural,6244780,12805.26,DEGURBA
BR,BR_SETTLEMENT_11,2014,Rural,2085871,13063.33,DEGURBA
BR,BR_SETTLEMENT_0,2015,New Urbanising Settlement,397445,8356.07,DEGURBA
BR,BR_SETTLEMENT_1,2015,Rural,2111916,635.92,DEGURBA
BR,BR_SETTLEMENT_2,2015,Rural,3384827,10820.17,DEGURBA
BR,BR_SETTLEMENT_3,2015,New Urbanising Settlement,1187624,10129.64,DEGURBA
BR,BR_SETTLEMENT_4,2015,Rural,1881395,13766.19,DEGURBA
BR,BR_SETTLEMENT_5,2015,Rural,5622442,7287.76,DEGURBA
BR,BR_SETTLEMENT_6,2015,Rural,3025629,12951.66,DEGURBA
BR,BR_SETTLEMENT_7,2015,Rural,6456685,212.11,DEGURBA
BR,BR_SETTLEMENT_8,2015,New Urbanising Settlement,6318930,16484.0,DEGURBA
BR,BR_SETTLEMENT_9,2015,Rural,3554953,7607.28,DEGURBA
BR,BR_SETTLEMENT_10,2015,New Urbanising Settlement,3457163,13111.79,DEGURBA
BR,BR_SETTLEMENT_11,2015,Urban Centre,5763062,2977.31,DEGURBA
BR,BR_SETTLEMENT_0,2016,Urban Centre,6725774,2125.04,DEGURBA
BR,BR_SETTLEMENT_1,2016,Urban Centre,4488271,499.13,DEGURBA
BR,BR_SETTLEMENT_2,2016,Rural,3450924,10635.47,DEGURBA
BR,BR_SETTLEMENT_3,2016,Urban Centre,3423788,1386.11,DEGURBA
BR,BR_SETTLEMENT_4,2016,Urban Centre,494854,5335.72,DEGURBA
BR,BR_SETTLEMENT_5,2016,New Urbanising Settlement,7045295,16096.75,DEGURBA
BR,BR_SETTLEMENT_6,2016,New Urbanising Settlement,79992,4252.14,DEGURBA
BR,BR_SETTLEMENT_7,2016,Rural,3499572,1773.94,DEGURBA
BR,BR_SETTLEMENT_8,2016,Rural,2498033,9007.1,DEGURBA
BR,BR_SETTLEMENT_9,2016,New Urbanising Settlement,3380811,13709.29,DEGURBA
BR,BR_SETTLEMENT_10,2016,Rural,7233710,3029.18,DEGURBA
BR,BR_SETTLEMENT_11,2016,Urban Centre,2935363,14481.11,DEGURBA
BR,BR_SETTLEMENT_0,2017,Urban Cluster,5972747,1732.96,DEGURBA
BR,BR_SETTLEMENT_1,2017,Urban Centre,5528137,5905.51,DEGURBA
BR,BR_SETTLEMENT_2,2017,Urban Cluster,1938338,4755.44,DEGURBA
BR,BR_SETTLEMENT_3,2017,Rural,5775223,2604.03,DEGURBA
BR,BR_SETTLEMENT_4,2017,New Urbanising Settlement,3252983,17949.46,DEGURBA
BR,BR_SETTLEMENT_5,2017,Urban Centre,539221,18702.22,DEGURBA
BR,BR_SETTLEMENT_6,2017,Urban Cluster,5862019,497.45,DEGURBA
BR,BR_SETTLEMENT_7,2017,New Urbanising Settlement,4956315,10419.03,DEGURBA
BR,BR_SETTLEMENT_8,2017,Urban Centre,552651,13327.97,DEGURBA
BR,BR_SETTLEMENT_9,2017,Rural,893522,9114.24,DEGURBA
BR,BR_SETTLEMENT_10,2017,New Urbanising Settlement,7737101,12992.19,DEGURBA
BR,BR_SETTLEMENT_11,2017,Urban Centre,1140510,1186.28,DEGURBA
BR,BR_SETTLEMENT_0,2018,Urban Centre,5826865,7392.38,DEGURBA
BR,BR_SETTLEMENT_1,2018,Urban Centre,220932,18975.72,DEGURBA
BR,BR_SETTLEMENT_2,2018,Urban Centre,1076844,19252.92,DEGURBA
BR,BR_SETTLEMENT_3,2018,New Urbanising Settlement,2710823,16748.71,DEGURBA
BR,BR_SETTLEMENT_4,2018,New Urbanising Settlement,1260300,19633.77,DEGURBA
BR,BR_SETTLEMENT_5,2018,New Urbanising Settlement,1344156,8294.47,DEGURBA
BR,BR_SETTLEMENT_6,2018,Urban Cluster,7742373,3141.19,DEGURBA
BR,BR_SETTLEMENT_7,2018,Rural,1938532,19410.65,DEGURBA
BR,BR_SETTLEMENT_8,2018,Urban Cluster,616821,9776.28,DEGURBA
BR,BR_SETTLEMENT_9,2018,New Urbanising Settlement,2502856,13538.36,DEGURBA
BR,BR_SETTLEMENT_10,2018,Urban Centre,6042250,2530.82,DEGURBA
BR,BR_SETTLEMENT_11,2018,Rural,7528739,12675.03,DEGURBA
BR,BR_SETTLEMENT_0,2019,Rural,2152086,17985.74,DEGURBA
BR,BR_SETTLEMENT_1,2019,New Urbanising Settlement,3335119,1160.81,DEGURBA
BR,BR_SETTLEMENT_2,2019,New Urbanising Settlement,7516901,1518.12,DEGURBA
BR,BR_SETTLEMENT_3,2019,Urban Cluster,5330179,8328.55,DEGURBA
BR,BR_SETTLEMENT_4,2019,Rural,3812974,3501.32,DEGURBA
BR,BR_SETTLEMENT_5,2019,Urban Cluster,4004879,6935.38,DEGURBA
BR,BR_SETTLEMENT_6,2019,Rural,4547287,8697.61,DEGURBA
BR,BR_SETTLEMENT_7,2019,Urban Cluster,1580430,18756.35,DEGURBA
BR,BR_SETTLEMENT_8,2019,New Urbanising Settlement,3051352,2165.35,DEGURBA
BR,BR_SETTLEMENT_9,2019,Rural,3611061,10226.65,DEGURBA
BR,BR_SETTLEMENT_10,2019,New Urbanising Settlement,3906554,4465.35,DEGURBA
BR,BR_SETTLEMENT_11,2019,Urban Cluster,1084421,18492.16,DEGURBA
BR,BR_SETTLEMENT_0,2020,Urban Centre,1767108,14160.52,DEGURBA
BR,BR_SETTLEMENT_1,2020,Urban Cluster,6327627,4862.79,DEGURBA
BR,BR_SETTLEMENT_2,2020,Urban Centre,6756436,1556.43,DEGURBA
BR,BR_SETTLEMENT_3,2020,Urban Centre,5297529,4167.27,DEGURBA
BR,BR_SETTLEMENT_4,2020,New Urbanising Settlement,4140892,5858.98,DEGURBA
BR,BR_SETTLEMENT_5,2020,New Urbanising Settlement,5124395,13427.61,DEGURBA
BR,BR_SETTLEMENT_6,2020,Rural,3130550,6723.18,DEGURBA
BR,BR_SETTLEMENT_7,2020,New Urbanising Settlement,549531,15468.71,DEGURBA
BR,BR_SETTLEMENT_8,2020,New Urbanising Settlement,5841399,18535.65,DEGURBA
BR,BR_SETTLEMENT_9,2020,New Urbanising Settlement,2699218,7085.15,DEGURBA
BR,BR_SETTLEMENT_10,2020,Urban Cluster,2646441,8630.48,DEGURBA
BR,BR_SETTLEMENT_11,2020,Urban Cluster,4656403,3718.48,DEGURBA
BR,BR_SETTLEMENT_0,2021,New Urbanising Settlement,3035490,15109.16,DEGURBA
BR,BR_SETTLEMENT_1,2021,Rural,1345263,16561.99,DEGURBA
BR,BR_SETTLEMENT_2,2021,Rural,2293897,6484.31,DEGURBA
BR,BR_SETTLEMENT_3,2021,Urban Cluster,2549372,14968.72,DEGURBA
BR,BR_SETTLEMENT_4,2021,Urban Centre,1020607,16886.76,DEGURBA
BR,BR_SETTLEMENT_5,2021,Rural,7049223,848.14,DEGURBA
BR,BR_SETTLEMENT_6,2021,Urban Cluster,2390308,19598.47,DEGURBA
BR,BR_SETTLEMENT_7,2021,Urban Cluster,3172422,11998.15,DEGURBA
BR,BR_SETTLEMENT_8,2021,Urban Centre,37835,9016.53,DEGURBA
BR,BR_SETTLEMENT_9,2021,Rural,5245589,6066.78,DEGURBA
BR,BR_SETTLEMENT_10,2021,New Urbanising Settlement,3256586,12833.35,DEGURBA
BR,BR_SETTLEMENT_11,2021,Urban Centre,1606265,12602.04,DEGURBA
BR,BR_SETTLEMENT_0,2022,Rural,4918032,12434.78,DEGURBA
BR,BR_SETTLEMENT_1,2022,Rural,2625644,1209.25,DEGURBA
BR,BR_SETTLEMENT_2,2022,Urban Centre,2358708,17687.46,DEGURBA
BR,BR_SETTLEMENT_3,2022,Urban Cluster,2481624,14387.24,DEGURBA
BR,BR_SETTLEMENT_4,2022,Urban Centre,4666350,11268.26,DEGURBA
BR,BR_SETTLEMENT_5,2022,Urban Cluster,5145662,3946.86,DEGURBA
BR,BR_SETTLEMENT_6,2022,Urban Cluster,4279174,17825.1,DEGURBA
BR,BR_SETTLEMENT_7,2022,Rural,4292118,14295.86,DEGURBA
BR,BR_SETTLEMENT_8,2022,New Urbanising Settlement,3122661,14039.88,DEGURBA
BR,BR_SETTLEMENT_9,2022,Rural,6255992,13515.1,DEGURBA
BR,BR_SETTLEMENT_10,2022,Urban Cluster,2259651,3847.74,DEGURBA
BR,BR_SETTLEMENT_11,2022,Rural,1429910,1231.8,DEGURBA
BR,BR_SETTLEMENT_0,2023,Urban Centre,3594585,13556.97,DEGURBA
BR,BR_SETTLEMENT_1,2023,Urban Centre,1248861,11988.08,DEGURBA
BR,BR_SETTLEMENT_2,2023,Urban Centre,5464261,6220.88,DEGURBA
BR,BR_SETTLEMENT_3,2023,New Urbanising Settlement,3834298,5123.62,DEGURBA
BR,BR_SETTLEMENT_4,2023,New Urbanising Settlement,3022618,12849.79,DEGURBA
BR,BR_SETTLEMENT_5,2023,Urban Centre,4687193,1165.15,DEGURBA
BR,BR_SETTLEMENT_6,2023,New Urbanising Settlement,6866065,14041.73,DEGURBA
BR,BR_SETTLEMENT_7,2023,Rural,5235219,14637.5,DEGURBA
BR,BR_SETTLEMENT_8,2023,Rural,611383,9295.04,DEGURBA
BR,BR_SETTLEMENT_9,2023,New Urbanising Settlement,2566595,9002.7,DEGURBA
BR,BR_SETTLEMENT_10,2023,Urban Cluster,1399183,9436.52,DEGURBA
BR,BR_SETTLEMENT_11,2023,Rural,1276865,7814.76,DEGURBA
BR,BR_SETTLEMENT_0,2024,Urban Cluster,2785449,12246.38,DEGURBA
BR,BR_SETTLEMENT_1,2024,New Urbanising Settlement,2361757,14745.49,DEGURBA
BR,BR_SETTLEMENT_2,2024,Urban Centre,6355606,13810.82,DEGURBA
BR,BR_SETTLEMENT_3,2024,Urban Centre,5414223,10576.98,DEGURBA
BR,BR_SETTLEMENT_4,2024,Rural,4343514,14688.05,DEGURBA
BR,BR_SETTLEMENT_5,2024,Rural,7898132,12995.97,DEGURBA
BR,BR_SETTLEMENT_6,2024,Urban Centre,3699502,7600.63,DEGURBA
BR,BR_SETTLEMENT_7,2024,Rural,7646442,19179.84,DEGURBA
BR,BR_SETTLEMENT_8,2024,Urban Cluster,1262379,11411.0,DEGURBA
BR,BR_SETTLEMENT_9,2024,New Urbanising Settlement,4495934,1554.53,DEGURBA
BR,BR_SETTLEMENT_10,2024,Urban Cluster,2150966,15981.11,DEGURBA
BR,BR_SETTLEMENT_11,2024,New Urbanising Settlement,2075301,635.26,DEGURBA
BR,BR_SETTLEMENT_0,2025,New Urbanising Settlement,4731182,1274.51,DEGURBA
BR,BR_SETTLEMENT_1,2025,New Urbanising Settlement,5010966,14425.28,DEGURBA
BR,BR_SETTLEMENT_2,2025,Urban Cluster,7634215,13958.69,DEGURBA
BR,BR_SETTLEMENT_3,2025,Rural,6339981,16268.75,DEGURBA
BR,BR_SETTLEMENT_4,2025,Rural,2785955,6855.21,DEGURBA
BR,BR_SETTLEMENT_5,2025,New Urbanising Settlement,2050295,17970.23,DEGURBA
BR,BR_SETTLEMENT_6,2025,Urban Centre,2466713,8233.93,DEGURBA
BR,BR_SETTLEMENT_7,2025,Urban Centre,7400913,7413.63,DEGURBA
BR,BR_SETTLEMENT_8,2025,Urban Cluster,4447575,15267.56,DEGURBA
BR,BR_SETTLEMENT_9,2025,New Urbanising Settlement,2154092,8378.52,DEGURBA
BR,BR_SETTLEMENT_10,2025,Urban Centre,2271243,19093.49,DEGURBA
BR,BR_SETTLEMENT_11,2025,New Urbanising Settlement,3431078,15136.22,DEGURBA
MP,MP_SETTLEMENT_0,2005,Urban Centre,3519809,17499.05,DEGURBA
MP,MP_SETTLEMENT_1,2005,New Urbanising Settlement,4981581,842.43,DEGURBA
MP,MP_SETTLEMENT_2,2005,Rural,6113006,17436.74,DEGURBA
MP,MP_SETTLEMENT_3,2005,New Urbanising Settlement,1182067,16773.97,DEGURBA
MP,MP_SETTLEMENT_4,2005,New Urbanising Settlement,4256242,15903.66,DEGURBA
MP,MP_SETTLEMENT_5,2005,Urban Centre,233861,13041.56,DEGURBA
MP,MP_SETTLEMENT_6,2005,Rural,1348110,16994.94,DEGURBA
MP,MP_SETTLEMENT_7,2005,Urban Cluster,65403,17180.7,DEGURBA
MP,MP_SETTLEMENT_8,2005,New Urbanising Settlement,4822716,19074.87,DEGURBA
MP,MP_SETTLEMENT_9,2005,Rural,5965524,16057.56,DEGURBA
MP,MP_SETTLEMENT_10,2005,Rural,445925,6529.46,DEGURBA
MP,MP_SETTLEMENT_11,2005,Urban Cluster,5564548,3108.12,DEGURBA
MP,MP_SETTLEMENT_0,2006,Rural,2279702,17180.83,DEGURBA
MP,MP_SETTLEMENT_1,2006,Rural,6082856,3187.39,DEGURBA
MP,MP_SETTLEMENT_2,2006,Urban Cluster,2777296,8180.9,DEGURBA
MP,MP_SETTLEMENT_3,2006,Urban Centre,7272196,3632.49,DEGURBA
MP,MP_SETTLEMENT_4,2006,New Urbanising Settlement,5273038,18318.1,DEGURBA
MP,MP_SETTLEMENT_5,2006,New Urbanising Settlement,5201368,838.36,DEGURBA
MP,MP_SETTLEMENT_6,2006,Urban Cluster,7177114,13178.22,DEGURBA
MP,MP_SETTLEMENT_7,2006,New Urbanising Settlement,7982858,9991.15,DEGURBA
MP,MP_SETTLEMENT_8,2006,New Urbanising Settlement,5973597,1068.17,DEGURBA
MP,MP_SETTLEMENT_9,2006,Urban Centre,3828095,8051.61,DEGURBA
MP,MP_SETTLEMENT_10,2006,New Urbanising Settlement,6634573,18443.07,DEGURBA
MP,MP_SETTLEMENT_11,2006,Urban Centre,2233592,1093.2,DEGURBA
MP,MP_SETTLEMENT_0,2007,Rural,5086787,8446.51,DEGURBA
MP,MP_SETTLEMENT_1,2007,Urban Cluster,6666914,12064.1,DEGURBA
MP,MP_SETTLEMENT_2,2007,New Urbanising Settlement,6046287,14322.41,DEGURBA
MP,MP_SETTLEMENT_3,2007,Urban Centre,6909110,12774.01,DEGURBA
MP,MP_SETTLEMENT_4,2007,Rural,5533950,17506.11,DEGURBA
MP,MP_SETTLEMENT_5,2007,Urban Cluster,2381238,14889.04,DEGURBA
MP,MP_SETTLEMENT_6,2007,New Urbanising Settlement,7943717,16090.03,DEGURBA
MP,MP_SETTLEMENT_7,2007,Rural,6231970,19037.83,DEGURBA
MP,MP_SETTLEMENT_8,2007,Urban Centre,5329172,10055.0,DEGURBA
MP,MP_SETTLEMENT_9,2007,Rural,2822722,6719.66,DEGURBA
MP,MP_SETTLEMENT_10,2007,Urban Centre,7379285,15295.91,DEGURBA
MP,MP_SETTLEMENT_11,2007,New Urbanising Settlement,316968,19943.56,DEGURBA
MP,MP_SETTLEMENT_0,2008,Rural,5789966,14762.05,DEGURBA
MP,MP_SETTLEMENT_1,2008,New Urbanising Settlement,3547838,6397.19,DEGURBA
MP,MP_SETTLEMENT_2,2008,Urban Cluster,6421364,17938.5,DEGURBA
MP,MP_SETTLEMENT_3,2008,Urban Cluster,2231599,16533.69,DEGURBA
MP,MP_SETTLEMENT_4,2008,Urban Centre,1585912,4555.55,DEGURBA
MP,MP_SETTLEMENT_5,2008,Rural,946357,7754.47,DEGURBA
MP,MP_SETTLEMENT_6,2008,New Urbanising Settlement,4137996,311.54,DEGURBA
MP,MP_SETTLEMENT_7,2008,New Urbanising Settlement,5862385,19613.14,DEGURBA
MP,MP_SETTLEMENT_8,2008,Urban Cluster,3223975,9636.45,DEGURBA
MP,MP_SETTLEMENT_9,2008,Urban Cluster,6870389,8032.86,DEGURBA
MP,MP_SETTLEMENT_10,2008,Rural,6693540,4642.07,DEGURBA
MP,MP_SETTLEMENT_11,2008,Urban Centre,5061332,472.54,DEGURBA
MP,MP_SETTLEMENT_0,2009,Rural,1611984,1696.91,DEGURBA
MP,MP_SETTLEMENT_1,2009,Urban Centre,4400472,1944.24,DEGURBA
MP,MP_SETTLEMENT_2,2009,Urban Centre,4239919,11903.2,DEGURBA
MP,MP_SETTLEMENT_3,2009,Urban Cluster,2729541,13829.39,DEGURBA
MP,MP_SETTLEMENT_4,2009,Rural,4836205,10295.58,DEGURBA
MP,MP_SETTLEMENT_5,2009,New Urbanising Settlement,4122881,11610.91,DEGURBA
MP,MP_SETTLEMENT_6,2009,Urban Centre,4382821,16950.0,DEGURBA
MP,MP_SETTLEMENT_7,2009,Urban Centre,3918799,16065.98,DEGURBA
MP,MP_SETTLEMENT_8,2009,Urban Cluster,3183622,3982.69,DEGURBA
MP,MP_SETTLEMENT_9,2009,Rural,3711103,4153.03,DEGURBA
MP,MP_SETTLEMENT_10,2009,New Urbanising Settlement,2565282,13613.21,DEGURBA
MP,MP_SETTLEMENT_11,2009,New Urbanising Settlement,2408076,804.73,DEGURBA
MP,MP_SETTLEMENT_0,2010,New Urbanising Settlement,5330038,1725.13,DEGURBA
MP,MP_SETTLEMENT_1,2010,Urban Centre,1097886,16467.45,DEGURBA
MP,MP_SETTLEMENT_2,2010,New Urbanising Settlement,7043414,14792.2,DEGURBA
MP,MP_SETTLEMENT_3,2010,New Urbanising Settlement,3844268,6592.63,DEGURBA
MP,MP_SETTLEMENT_4,2010,Rural,7271465,1351.43,DEGURBA
MP,MP_SETTLEMENT_5,2010,Rural,7293262,14662.64,DEGURBA
MP,MP_SETTLEMENT_6,2010,Urban Cluster,7091211,6925.59,DEGURBA
MP,MP_SETTLEMENT_7,2010,New Urbanising Settlement,1144930,19170.65,DEGURBA
MP,MP_SETTLEMENT_8,2010,Urban Centre,5746867,15519.89,DEGURBA
MP,MP_SETTLEMENT_9,2010,Urban Centre,2263906,973.28,DEGURBA
MP,MP_SETTLEMENT_10,2010,New Urbanising Settlement,132162,6752.06,DEGURBA
MP,MP_SETTLEMENT_11,2010,New Urbanising Settlement,1730874,14211.56,DEGURBA
MP,MP_SETTLEMENT_0,2011,New Urbanising Settlement,374841,15591.99,DEGURBA
MP,MP_SETTLEMENT_1,2011,Urban Centre,5123708,5875.41,DEGURBA
MP,MP_SETTLEMENT_2,2011,New Urbanising Settlement,323629,11864.97,DEGURBA
MP,MP_SETTLEMENT_3,2011,Urban Cluster,30294,18052.55,DEGURBA
MP,MP_SETTLEMENT_4,2011,New Urbanising Settlement,4908313,17398.82,DEGURBA
MP,MP_SETTLEMENT_5,2011,New Urbanising Settlement,3784445,9010.34,DEGURBA
MP,MP_SETTLEMENT_6,2011,Urban Centre,7791427,8431.94,DEGURBA
MP,MP_SETTLEMENT_7,2011,Rural,710443,17923.91,DEGURBA
MP,MP_SETTLEMENT_8,2011,Urban Centre,4077839,2705.21,DEGURBA
MP,MP_SETTLEMENT_9,2011,Urban Cluster,2893967,19918.95,DEGURBA
MP,MP_SETTLEMENT_10,2011,New Urbanising Settlement,3815925,15760.26,DEGURBA
MP,MP_SETTLEMENT_11,2011,Rural,4797120,7136.29,DEGURBA
MP,MP_SETTLEMENT_0,2012,Rural,3884981,14536.71,DEGURBA
MP,MP_SETTLEMENT_1,2012,Urban Cluster,4212673,11497.3,DEGURBA
MP,MP_SETTLEMENT_2,2012,New Urbanising Settlement,7857992,15595.99,DEGURBA
MP,MP_SETTLEMENT_3,2012,Urban Cluster,1333784,17548.91,DEGURBA
MP,MP_SETTLEMENT_4,2012,Rural,7216017,17362.32,DEGURBA
MP,MP_SETTLEMENT_5,2012,New Urbanising Settlement,19559,3612.25,DEGURBA
MP,MP_SETTLEMENT_6,2012,Urban Cluster,497461,7486.1,DEGURBA
MP,MP_SETTLEMENT_7,2012,Urban Centre,3142731,8566.16,DEGURBA
MP,MP_SETTLEMENT_8,2012,Rural,5511389,18101.34,DEGURBA
MP,MP_SETTLEMENT_9,2012,New Urbanising Settlement,3769372,13691.04,DEGURBA
MP,MP_SETTLEMENT_10,2012,New Urbanising Settlement,3130723,10865.67,DEGURBA
MP,MP_SETTLEMENT_11,2012,Urban Centre,1436483,2672.06,DEGURBA
MP,MP_SETTLEMENT_0,2013,Urban Cluster,1123127,9249.1,DEGURBA
MP,MP_SETTLEMENT_1,2013,Urban Centre,2545432,8976.5,DEGURBA
MP,MP_SETTLEMENT_2,2013,Urban Cluster,5253579,13462.01,DEGURBA
MP,MP_SETTLEMENT_3,2013,New Urbanising Settlement,4913200,1898.66,DEGURBA
MP,MP_SETTLEMENT_4,2013,Rural,3569222,8992.48,DEGURBA
MP,MP_SETTLEMENT_5,2013,Rural,3370275,15541.23,DEGURBA
MP,MP_SETTLEMENT_6,2013,Rural,712744,737.79,DEGURBA
MP,MP_SETTLEMENT_7,2013,Urban Cluster,4286724,17719.63,DEGURBA
MP,MP_SETTLEMENT_8,2013,New Urbanising Settlement,4853763,11705.95,DEGURBA
MP,MP_SETTLEMENT_9,2013,Urban Cluster,1515369,4568.79,DEGURBA
MP,MP_SETTLEMENT_10,2013,Urban Cluster,4394923,8728.69,DEGURBA
MP,MP_SETTLEMENT_11,2013,Rural,1295151,17890.94,DEGURBA
MP,MP_SETTLEMENT_0,2014,New Urbanising Settlement,1992450,7268.49,DEGURBA
MP,MP_SETTLEMENT_1,2014,Urban Cluster,915966,13527.28,DEGURBA
MP,MP_SETTLEMENT_2,2014,Rural,7821189,7144.67,DEGURBA
MP,MP_SETTLEMENT_3,2014,Rural,6879603,11558.86,DEGURBA
MP,MP_SETTLEMENT_4,2014,Urban Centre,4200380,17349.08,DEGURBA
MP,MP_SETTLEMENT_5,2014,Rural,7513806,14570.23,DEGURBA
MP,MP_SETTLEMENT_6,2014,New Urbanising Settlement,6229121,13705.24,DEGURBA
MP,MP_SETTLEMENT_7,2014,Rural,6673470,10160.4,DEGURBA
MP,MP_SETTLEMENT_8,2014,Urban Cluster,3516672,14232.06,DEGURBA
MP,MP_SETTLEMENT_9,2014,Urban Centre,3448148,5775.75,DEGURBA
MP,MP_SETTLEMENT_10,2014,Urban Centre,4535056,12514.64,DEGURBA
MP,MP_SETTLEMENT_11,2014,Urban Centre,3789385,7557.33,DEGURBA
MP,MP_SETTLEMENT_0,2015,New Urbanising Settlement,4480235,9028.58,DEGURBA
MP,MP_SETTLEMENT_1,2015,Urban Centre,1983596,16059.55,DEGURBA
MP,MP_SETTLEMENT_2,2015,Urban Cluster,7615928,5989.61,DEGURBA
MP,MP_SETTLEMENT_3,2015,Rural,7535954,6920.96,DEGURBA
MP,MP_SETTLEMENT_4,2015,Rural,1577780,12984.74,DEGURBA
MP,MP_SETTLEMENT_5,2015,New Urbanising Settlement,288635,4800.01,DEGURBA
MP,MP_SETTLEMENT_6,2015,Urban Cluster,5230956,19442.57,DEGURBA
MP,MP_SETTLEMENT_7,2015,Urban Centre,2304739,10322.04,DEGURBA
MP,MP_SETTLEMENT_8,2015,Rural,4470359,18660.57,DEGURBA
MP,MP_SETTLEMENT_9,2015,Urban Centre,598593,16331.02,DEGURBA
MP,MP_SETTLEMENT_10,2015,New Urbanising Settlement,5187075,8189.05,DEGURBA
MP,MP_SETTLEMENT_11,2015,New Urbanising Settlement,6004716,17837.01,DEGURBA
MP,MP_SETTLEMENT_0,2016,Urban Cluster,2585473,8493.64,DEGURBA
MP,MP_SETTLEMENT_1,2016,Rural,5155598,3477.95,DEGURBA
MP,MP_SETTLEMENT_2,2016,New Urbanising Settlement,5663170,12703.68,DEGURBA
MP,MP_SETTLEMENT_3,2016,Rural,768001,17455.98,DEGURBA
MP,MP_SETTLEMENT_4,2016,Urban Cluster,6701237,7197.61,DEGURBA
MP,MP_SETTLEMENT_5,2016,Rural,3069582,6427.15,DEGURBA
MP,MP_SETTLEMENT_6,2016,Urban Cluster,6698557,5531.83,DEGURBA
MP,MP_SETTLEMENT_7,2016,New Urbanising Settlement,6469477,11877.11,DEGURBA
MP,MP_SETTLEMENT_8,2016,Rural,1210976,13711.64,DEGURBA
MP,MP_SETTLEMENT_9,2016,New Urbanising Settlement,5020220,391.52,DEGURBA
MP,MP_SETTLEMENT_10,2016,Urban Centre,1253515,13377.57,DEGURBA
MP,MP_SETTLEMENT_11,2016,Rural,386416,13769.71,DEGURBA
MP,MP_SETTLEMENT_0,2017,New Urbanising Settlement,2844970,7358.8,DEGURBA
MP,MP_SETTLEMENT_1,2017,Urban Centre,5064827,14876.51,DEGURBA
MP,MP_SETTLEMENT_2,2017,Urban Centre,3340756,5971.05,DEGURBA
MP,MP_SETTLEMENT_3,2017,Urban Centre,4931388,11127.22,DEGURBA
MP,MP_SETTLEMENT_4,2017,Rural,1623859,4443.3,DEGURBA
MP,MP_SETTLEMENT_5,2017,Urban Cluster,3736985,17516.67,DEGURBA
MP,MP_SETTLEMENT_6,2017,New Urbanising Settlement,2267543,10343.84,DEGURBA
MP,MP_SETTLEMENT_7,2017,Rural,6246928,15074.36,DEGURBA
MP,MP_SETTLEMENT_8,2017,Rural,6079596,4537.52,DEGURBA
MP,MP_SETTLEMENT_9,2017,New Urbanising Settlement,4391187,11519.85,DEGURBA
MP,MP_SETTLEMENT_10,2017,Rural,1435098,4022.12,DEGURBA
MP,MP_SETTLEMENT_11,2017,New Urbanising Settlement,843361,4073.06,DEGURBA
MP,MP_SETTLEMENT_0,2018,Rural,3082238,8518.54,DEGURBA
MP,MP_SETTLEMENT_1,2018,New Urbanising Settlement,5426721,14353.78,DEGURBA
MP,MP_SETTLEMENT_2,2018,Rural,4185541,14811.58,DEGURBA
MP,MP_SETTLEMENT_3,2018,New Urbanising Settlement,5623236,13099.28,DEGURBA
MP,MP_SETTLEMENT_4,2018,Urban Cluster,6011028,8924.94,DEGURBA
MP,MP_SETTLEMENT_5,2018,Urban Cluster,4013373,19574.56,DEGURBA
MP,MP_SETTLEMENT_6,2018,New Urbanising Settlement,457718,8034.92,DEGURBA
MP,MP_SETTLEMENT_7,2018,Urban Centre,6311465,17838.14,DEGURBA
MP,MP_SETTLEMENT_8,2018,New Urbanising Settlement,916300,9692.55,DEGURBA
MP,MP_SETTLEMENT_9,2018,Rural,5781353,2914.58,DEGURBA
MP,MP_SETTLEMENT_10,2018,Urban Cluster,7334178,14512.35,DEGURBA
MP,MP_SETTLEMENT_11,2018,Urban Cluster,5395391,17263.94,DEGURBA
MP,MP_SETTLEMENT_0,2019,Urban Cluster,5998404,14451.61,DEGURBA
MP,MP_SETTLEMENT_1,2019,Urban Cluster,7326939,13732.76,DEGURBA
MP,MP_SETTLEMENT_2,2019,New Urbanising Settlement,7016501,5594.13,DEGURBA
MP,MP_SETTLEMENT_3,2019,New Urbanising Settlement,1724305,2257.97,DEGURBA
MP,MP_SETTLEMENT_4,2019,Urban Centre,5385747,17197.33,DEGURBA
MP,MP_SETTLEMENT_5,2019,New Urbanising Settlement,7776508,1957.08,DEGURBA
MP,MP_SETTLEMENT_6,2019,Urban Cluster,6978144,17775.63,DEGURBA
MP,MP_SETTLEMENT_7,2019,Urban Cluster,4268402,3997.63,DEGURBA
MP,MP_SETTLEMENT_8,2019,New Urbanising Settlement,5105179,6517.58,DEGURBA
MP,MP_SETTLEMENT_9,2019,Rural,7015381,14831.74,DEGURBA
MP,MP_SETTLEMENT_10,2019,Urban Cluster,6245071,17955.85,DEGURBA
MP,MP_SETTLEMENT_11,2019,Urban Centre,2466047,10849.07,DEGURBA
MP,MP_SETTLEMENT_0,2020,Urban Centre,3665748,16734.87,DEGURBA
MP,MP_SETTLEMENT_1,2020,Urban Centre,5613557,3279.23,DEGURBA
MP,MP_SETTLEMENT_2,2020,Rural,166711,9471.47,DEGURBA
MP,MP_SETTLEMENT_3,2020,Rural,7715635,11010.93,DEGURBA
MP,MP_SETTLEMENT_4,2020,New Urbanising Settlement,1224231,19965.39,DEGURBA
MP,MP_SETTLEMENT_5,2020,Rural,4269704,17948.02,DEGURBA
MP,MP_SETTLEMENT_6,2020,Urban Centre,6933195,13850.35,DEGURBA
MP,MP_SETTLEMENT_7,2020,Rural,7641802,1248.98,DEGURBA
MP,MP_SETTLEMENT_8,2020,Urban Centre,4654940,611.13,DEGURBA
MP,MP_SETTLEMENT_9,2020,Rural,1452221,14966.86,DEGURBA
MP,MP_SETTLEMENT_10,2020,Urban Centre,3058316,12195.89,DEGURBA
MP,MP_SETTLEMENT_11,2020,New Urbanising Settlement,4670604,15980.45,DEGURBA
MP,MP_SETTLEMENT_0,2021,Urban Centre,4392475,15553.21,DEGURBA
MP,MP_SETTLEMENT_1,2021,New Urbanising Settlement,7947725,5834.42,DEGURBA
MP,MP_SETTLEMENT_2,2021,Rural,3457674,3884.79,DEGURBA
MP,MP_SETTLEMENT_3,2021,Rural,5380850,3842.16,DEGURBA
MP,MP_SETTLEMENT_4,2021,New Urbanising Settlement,7838177,13787.47,DEGURBA
MP,MP_SETTLEMENT_5,2021,Rural,2662563,8428.91,DEGURBA
MP,MP_SETTLEMENT_6,2021,Urban Centre,9902,18241.16,DEGURBA
MP,MP_SETTLEMENT_7,2021,Rural,4919507,8258.05,DEGURBA
MP,MP_SETTLEMENT_8,2021,Rural,1294948,4017.25,DEGURBA
MP,MP_SETTLEMENT_9,2021,Urban Cluster,698089,8229.4,DEGURBA
MP,MP_SETTLEMENT_10,2021,New Urbanising Settlement,1150719,5036.95,DEGURBA
MP,MP_SETTLEMENT_11,2021,Urban Centre,83871,10709.03,DEGURBA
MP,MP_SETTLEMENT_0,2022,Rural,2892510,13851.7,DEGURBA
MP,MP_SETTLEMENT_1,2022,Urban Centre,3743511,8280.39,DEGURBA
MP,MP_SETTLEMENT_2,2022,New Urbanising Settlement,154479,8719.66,DEGURBA
MP,MP_SETTLEMENT_3,2022,Rural,1183189,8737.45,DEGURBA
MP,MP_SETTLEMENT_4,2022,Rural,7409578,19816.04,DEGURBA
MP,MP_SETTLEMENT_5,2022,Urban Centre,7202035,7474.35,DEGURBA
MP,MP_SETTLEMENT_6,2022,Rural,6340639,987.37,DEGURBA
MP,MP_SETTLEMENT_7,2022,Urban Cluster,1372868,7568.72,DEGURBA
MP,MP_SETTLEMENT_8,2022,New Urbanising Settlement,1162323,7404.6,DEGURBA
MP,MP_SETTLEMENT_9,2022,Urban Centre,6057694,15627.78,DEGURBA
MP,MP_SETTLEMENT_10,2022,New Urbanising Settlement,6394555,17720.92,DEGURBA
MP,MP_SETTLEMENT_11,2022,Urban Cluster,7892111,4964.77,DEGURBA
MP,MP_SETTLEMENT_0,2023,Urban Cluster,2477405,279.23,DEGURBA
MP,MP_SETTLEMENT_1,2023,Urban Cluster,3112986,4317.46,DEGURBA
MP,MP_SETTLEMENT_2,2023,New Urbanising Settlement,672765,2893.56,DEGURBA
MP,MP_SETTLEMENT_3,2023,Rural,7538413,6759.91,DEGURBA
MP,MP_SETTLEMENT_4,2023,Urban Centre,2505341,1125.98,DEGURBA
MP,MP_SETTLEMENT_5,2023,Urban Cluster,4309463,4602.66,DEGURBA
MP,MP_SETTLEMENT_6,2023,Urban Cluster,4583683,3252.4,DEGURBA
MP,MP_SETTLEMENT_7,2023,Urban Centre,5264430,13729.73,DEGURBA
MP,MP_SETTLEMENT_8,2023,New Urbanising Settlement,1327351,18195.72,DEGURBA
MP,MP_SETTLEMENT_9,2023,Urban Cluster,5008221,7029.71,DEGURBA
MP,MP_SETTLEMENT_10,2023,Rural,6895142,12640.12,DEGURBA
MP,MP_SETTLEMENT_11,2023,New Urbanising Settlement,5001476,18901.4,DEGURBA
MP,MP_SETTLEMENT_0,2024,Urban Centre,7430909,19445.34,DEGURBA
MP,MP_SETTLEMENT_1,2024,Rural,6917333,7597.5,DEGURBA
MP,MP_SETTLEMENT_2,2024,Urban Centre,2959522,13804.35,DEGURBA
MP,MP_SETTLEMENT_3,2024,Rural,2250430,12091.04,DEGURBA
MP,MP_SETTLEMENT_4,2024,Urban Cluster,5859263,9438.95,DEGURBA
MP,MP_SETTLEMENT_5,2024,Urban Cluster,3482702,12459.2,DEGURBA
MP,MP_SETTLEMENT_6,2024,Urban Centre,53419,8651.46,DEGURBA
MP,MP_SETTLEMENT_7,2024,Urban Cluster,7052279,9392.48,DEGURBA
MP,MP_SETTLEMENT_8,2024,New Urbanising Settlement,1701909,11152.63,DEGURBA
MP,MP_SETTLEMENT_9,2024,Urban Cluster,514467,2604.16,DEGURBA
MP,MP_SETTLEMENT_10,2024,Urban Cluster,1838059,267.0,DEGURBA
MP,MP_SETTLEMENT_11,2024,New Urbanising Settlement,6969859,2293.56,DEGURBA
MP,MP_SETTLEMENT_0,2025,Rural,1143812,16524.61,DEGURBA
MP,MP_SETTLEMENT_1,2025,Rural,4777001,4311.96,DEGURBA
MP,MP_SETTLEMENT_2,2025,Urban Cluster,2720487,5703.57,DEGURBA
MP,MP_SETTLEMENT_3,2025,Urban Cluster,2081111,8845.3,DEGURBA
MP,MP_SETTLEMENT_4,2025,Rural,3357884,14067.79,DEGURBA
MP,MP_SETTLEMENT_5,2025,Urban Centre,2710610,1250.84,DEGURBA
MP,MP_SETTLEMENT_6,2025,Urban Cluster,3394271,13385.41,DEGURBA
MP,MP_SETTLEMENT_7,2025,Rural,4758374,9462.24,DEGURBA
MP,MP_SETTLEMENT_8,2025,New Urbanising Settlement,1537872,8853.08,DEGURBA
MP,MP_SETTLEMENT_9,2025,Urban Centre,1048119,10093.87,DEGURBA
MP,MP_SETTLEMENT_10,2025,Rural,1147672,13899.67,DEGURBA
MP,MP_SETTLEMENT_11,2025,Urban Centre,4520400,7677.06,DEGURBA
WB,WB_SETTLEMENT_0,2005,Urban Centre,545684,7599.2,DEGURBA
WB,WB_SETTLEMENT_1,2005,New Urbanising Settlement,5908643,9176.4,DEGURBA
WB,WB_SETTLEMENT_2,2005,New Urbanising Settlement,7685071,13987.95,DEGURBA
WB,WB_SETTLEMENT_3,2005,Rural,604881,14240.91,DEGURBA
WB,WB_SETTLEMENT_4,2005,Urban Centre,2696954,12787.59,DEGURBA
WB,WB_SETTLEMENT_5,2005,New Urbanising Settlement,3910926,3331.76,DEGURBA
WB,WB_SETTLEMENT_6,2005,New Urbanising Settlement,7684405,11666.68,DEGURBA
WB,WB_SETTLEMENT_7,2005,New Urbanising Settlement,6832373,9977.36,DEGURBA
WB,WB_SETTLEMENT_8,2005,New Urbanising Settlement,250131,7497.9,DEGURBA
WB,WB_SETTLEMENT_9,2005,Urban Cluster,3121308,8637.7,DEGURBA
WB,WB_SETTLEMENT_10,2005,Urban Cluster,2174524,13575.24,DEGURBA
WB,WB_SETTLEMENT_11,2005,Rural,2452050,7146.6,DEGURBA
WB,WB_SETTLEMENT_0,2006,Rural,1926919,278.44,DEGURBA
WB,WB_SETTLEMENT_1,2006,Rural,3054975,5265.23,DEGURBA
WB,WB_SETTLEMENT_2,2006,Urban Cluster,455470,18238.22,DEGURBA
WB,WB_SETTLEMENT_3,2006,Rural,4984487,8636.49,DEGURBA
WB,WB_SETTLEMENT_4,2006,Urban Cluster,957732,3502.42,DEGURBA
WB,WB_SETTLEMENT_5,2006,Rural,3702857,4984.43,DEGURBA
WB,WB_SETTLEMENT_6,2006,Urban Cluster,4042294,13776.43,DEGURBA
WB,WB_SETTLEMENT_7,2006,Rural,6851441,12231.23,DEGURBA
WB,WB_SETTLEMENT_8,2006,Urban Centre,128935,11530.93,DEGURBA
WB,WB_SETTLEMENT_9,2006,Urban Cluster,248533,13843.67,DEGURBA
WB,WB_SETTLEMENT_10,2006,Urban Cluster,1391227,11233.5,DEGURBA
WB,WB_SETTLEMENT_11,2006,New Urbanising Settlement,93499,17991.95,DEGURBA
WB,WB_SETTLEMENT_0,2007,Rural,445998,15551.6,DEGURBA
WB,WB_SETTLEMENT_1,2007,Urban Centre,5008449,3292.69,DEGURBA
WB,WB_SETTLEMENT_2,2007,Urban Cluster,7770807,12007.55,DEGURBA
WB,WB_SETTLEMENT_3,2007,Rural,7245322,14964.35,DEGURBA
WB,WB_SETTLEMENT_4,2007,Urban Centre,7725354,12527.63,DEGURBA
WB,WB_SETTLEMENT_5,2007,Urban Centre,3206005,4536.15,DEGURBA
WB,WB_SETTLEMENT_6,2007,New Urbanising Settlement,6170272,14990.61,DEGURBA
WB,WB_SETTLEMENT_7,2007,Urban Centre,6109234,4916.08,DEGURBA
WB,WB_SETTLEMENT_8,2007,Urban Centre,7946123,7213.96,DEGURBA
WB,WB_SETTLEMENT_9,2007,Urban Centre,2286973,10657.33,DEGURBA
WB,WB_SETTLEMENT_10,2007,Urban Centre,5347307,19704.89,DEGURBA
WB,WB_SETTLEMENT_11,2007,New Urbanising Settlement,6909599,13979.97,DEGURBA
WB,WB_SETTLEMENT_0,2008,Urban Centre,6413414,5136.49,DEGURBA
WB,WB_SETTLEMENT_1,2008,New Urbanising Settlement,416858,2692.77,DEGURBA
WB,WB_SETTLEMENT_2,2008,Rural,2770685,5162.12,DEGURBA
WB,WB_SETTLEMENT_3,2008,Urban Cluster,3856511,12726.34,DEGURBA
WB,WB_SETTLEMENT_4,2008,Urban Centre,409542,9560.42,DEGURBA
WB,WB_SETTLEMENT_5,2008,Urban Centre,2749736,13672.23,DEGURBA
WB,WB_SETTLEMENT_6,2008,Urban Cluster,2407611,13276.4,DEGURBA
WB,WB_SETTLEMENT_7,2008,Urban Cluster,2470844,3918.55,DEGURBA
WB,WB_SETTLEMENT_8,2008,New Urbanising Settlement,3421524,4847.8,DEGURBA
WB,WB_SETTLEMENT_9,2008,Rural,6793232,14476.79,DEGURBA
WB,WB_SETTLEMENT_10,2008,Rural,2982023,18871.63,DEGURBA
WB,WB_SETTLEMENT_11,2008,Urban Cluster,1380378,1164.64,DEGURBA
WB,WB_SETTLEMENT_0,2009,Rural,4739522,8102.96,DEGURBA
WB,WB_SETTLEMENT_1,2009,Rural,7876095,15994.55,DEGURBA
WB,WB_SETTLEMENT_2,2009,Rural,961945,9575.24,DEGURBA
WB,WB_SETTLEMENT_3,2009,Urban Centre,6947811,4661.51,DEGURBA
WB,WB_SETTLEMENT_4,2009,Rural,5104420,11866.81,DEGURBA
WB,WB_SETTLEMENT_5,2009,Urban Centre,2911349,18988.16,DEGURBA
WB,WB_SETTLEMENT_6,2009,Urban Centre,5626701,15239.2,DEGURBA
WB,WB_SETTLEMENT_7,2009,Urban Cluster,3421046,1280.61,DEGURBA
WB,WB_SETTLEMENT_8,2009,Rural,2436878,4222.5,DEGURBA
WB,WB_SETTLEMENT_9,2009,Urban Cluster,4795096,6721.56,DEGURBA
WB,WB_SETTLEMENT_10,2009,Urban Centre,3141065,12126.78,DEGURBA
WB,WB_SETTLEMENT_11,2009,New Urbanising Settlement,5551153,2528.65,DEGURBA
WB,WB_SETTLEMENT_0,2010,Rural,6635427,4339.61,DEGURBA
WB,WB_SETTLEMENT_1,2010,Urban Centre,7855948,15514.93,DEGURBA
WB,WB_SETTLEMENT_2,2010,Urban Cluster,7373369,2476.06,DEGURBA
WB,WB_SETTLEMENT_3,2010,Rural,6765435,16848.51,DEGURBA
WB,WB_SETTLEMENT_4,2010,Urban Cluster,7992086,9136.97,DEGURBA
WB,WB_SETTLEMENT_5,2010,Urban Centre,776736,12504.33,DEGURBA
WB,WB_SETTLEMENT_6,2010,Rural,3714456,4378.06,DEGURBA
WB,WB_SETTLEMENT_7,2010,New Urbanising Settlement,1102793,14271.27,DEGURBA
WB,WB_SETTLEMENT_8,2010,Urban Cluster,5391737,19009.29,DEGURBA
WB,WB_SETTLEMENT_9,2010,New Urbanising Settlement,4925296,2242.42,DEGURBA
WB,WB_SETTLEMENT_10,2010,Urban Cluster,1650073,10134.15,DEGURBA
WB,WB_SETTLEMENT_11,2010,Urban Cluster,1229689,5095.57,DEGURBA
WB,WB_SETTLEMENT_0,2011,Urban Cluster,206744,6382.99,DEGURBA
WB,WB_SETTLEMENT_1,2011,Urban Cluster,6632690,18047.58,DEGURBA
WB,WB_SETTLEMENT_2,2011,Rural,3429780,13282.67,DEGURBA
WB,WB_SETTLEMENT_3,2011,Rural,3355947,16055.12,DEGURBA
WB,WB_SETTLEMENT_4,2011,Urban Cluster,860832,17888.46,DEGURBA
WB,WB_SETTLEMENT_5,2011,Rural,4315411,2665.06,DEGURBA
WB,WB_SETTLEMENT_6,2011,Urban Cluster,5980604,5578.33,DEGURBA
WB,WB_SETTLEMENT_7,2011,Rural,1496573,10372.2,DEGURBA
WB,WB_SETTLEMENT_8,2011,Rural,6688441,14837.56,DEGURBA
WB,WB_SETTLEMENT_9,2011,New Urbanising Settlement,7327390,19268.25,DEGURBA
WB,WB_SETTLEMENT_10,2011,Urban Cluster,2378174,6887.15,DEGURBA
WB,WB_SETTLEMENT_11,2011,New Urbanising Settlement,4733914,3781.13,DEGURBA
WB,WB_SETTLEMENT_0,2012,Urban Cluster,5761866,19639.97,DEGURBA
WB,WB_SETTLEMENT_1,2012,Urban Centre,3367578,5335.45,DEGURBA
WB,WB_SETTLEMENT_2,2012,Rural,7160519,5617.9,DEGURBA
WB,WB_SETTLEMENT_3,2012,Urban Centre,1404681,10264.52,DEGURBA
WB,WB_SETTLEMENT_4,2012,New Urbanising Settlement,1543954,3646.2,DEGURBA
WB,WB_SETTLEMENT_5,2012,New Urbanising Settlement,4644475,12596.96,DEGURBA
WB,WB_SETTLEMENT_6,2012,Urban Centre,6462625,1312.66,DEGURBA
WB,WB_SETTLEMENT_7,2012,Urban Cluster,2793306,8218.06,DEGURBA
WB,WB_SETTLEMENT_8,2012,Rural,7083899,17731.16,DEGURBA
WB,WB_SETTLEMENT_9,2012,New Urbanising Settlement,2685430,16449.07,DEGURBA
WB,WB_SETTLEMENT_10,2012,Urban Centre,6771810,3646.53,DEGURBA
WB,WB_SETTLEMENT_11,2012,Rural,2125688,2572.68,DEGURBA
WB,WB_SETTLEMENT_0,2013,Rural,2345633,16202.59,DEGURBA
WB,WB_SETTLEMENT_1,2013,New Urbanising Settlement,4410749,13745.95,DEGURBA
WB,WB_SETTLEMENT_2,2013,Urban Cluster,4974261,10555.25,DEGURBA
WB,WB_SETTLEMENT_3,2013,New Urbanising Settlement,725241,5780.82,DEGURBA
WB,WB_SETTLEMENT_4,2013,Urban Cluster,6600442,6845.43,DEGURBA
WB,WB_SETTLEMENT_5,2013,New Urbanising Settlement,1262410,2380.69,DEGURBA
WB,WB_SETTLEMENT_6,2013,Urban Centre,997179,13913.85,DEGURBA
WB,WB_SETTLEMENT_7,2013,New Urbanising Settlement,6930222,15436.98,DEGURBA
WB,WB_SETTLEMENT_8,2013,Urban Cluster,1918743,8921.27,DEGURBA
WB,WB_SETTLEMENT_9,2013,Rural,1635688,2879.13,DEGURBA
WB,WB_SETTLEMENT_10,2013,Urban Cluster,4607640,16019.26,DEGURBA
WB,WB_SETTLEMENT_11,2013,Urban Centre,5848595,10326.99,DEGURBA
WB,WB_SETTLEMENT_0,2014,Urban Centre,1026815,19711.32,DEGURBA
WB,WB_SETTLEMENT_1,2014,Rural,2579540,13888.66,DEGURBA
WB,WB_SETTLEMENT_2,2014,Rural,159782,1048.25,DEGURBA
WB,WB_SETTLEMENT_3,2014,New Urbanising Settlement,6861660,19424.21,DEGURBA
WB,WB_SETTLEMENT_4,2014,Rural,2982350,5609.4,DEGURBA
WB,WB_SETTLEMENT_5,2014,Urban Centre,1128243,13976.02,DEGURBA
WB,WB_SETTLEMENT_6,2014,Rural,248291,16339.86,DEGURBA
WB,WB_SETTLEMENT_7,2014,Rural,3815503,17406.19,DEGURBA
WB,WB_SETTLEMENT_8,2014,Rural,6828216,17397.8,DEGURBA
WB,WB_SETTLEMENT_9,2014,New Urbanising Settlement,3496609,5021.42,DEGURBA
WB,WB_SETTLEMENT_10,2014,New Urbanising Settlement,4450571,8953.24,DEGURBA
WB,WB_SETTLEMENT_11,2014,Urban Cluster,2618864,9457.3,DEGURBA
WB,WB_SETTLEMENT_0,2015,Rural,2673622,6678.13,DEGURBA
WB,WB_SETTLEMENT_1,2015,New Urbanising Settlement,3212580,17932.12,DEGURBA
WB,WB_SETTLEMENT_2,2015,New Urbanising Settlement,4205835,15837.36,DEGURBA
WB,WB_SETTLEMENT_3,2015,New Urbanising Settlement,3317036,18986.26,DEGURBA
WB,WB_SETTLEMENT_4,2015,Urban Centre,3941396,15234.61,DEGURBA
WB,WB_SETTLEMENT_5,2015,Rural,4714338,9954.75,DEGURBA
WB,WB_SETTLEMENT_6,2015,Urban Centre,2300120,17565.36,DEGURBA
WB,WB_SETTLEMENT_7,2015,Rural,655970,6213.23,DEGURBA
WB,WB_SETTLEMENT_8,2015,New Urbanising Settlement,7072534,3610.84,DEGURBA
WB,WB_SETTLEMENT_9,2015,Urban Cluster,3314825,3853.34,DEGURBA
WB,WB_SETTLEMENT_10,2015,Urban Centre,219326,13332.96,DEGURBA
WB,WB_SETTLEMENT_11,2015,Urban Cluster,6074080,14823.71,DEGURBA
WB,WB_SETTLEMENT_0,2016,Urban Centre,4565837,2507.62,DEGURBA
WB,WB_SETTLEMENT_1,2016,New Urbanising Settlement,5316623,4760.81,DEGURBA
WB,WB_SETTLEMENT_2,2016,Urban Cluster,5859177,850.68,DEGURBA
WB,WB_SETTLEMENT_3,2016,Urban Cluster,5992650,6531.59,DEGURBA
WB,WB_SETTLEMENT_4,2016,New Urbanising Settlement,4450246,18011.79,DEGURBA
WB,WB_SETTLEMENT_5,2016,New Urbanising Settlement,6755858,19449.22,DEGURBA
WB,WB_SETTLEMENT_6,2016,Urban Cluster,5733960,4985.93,DEGURBA
WB,WB_SETTLEMENT_7,2016,New Urbanising Settlement,1126756,6532.75,DEGURBA
WB,WB_SETTLEMENT_8,2016,Urban Cluster,2444248,13524.69,DEGURBA
WB,WB_SETTLEMENT_9,2016,Rural,5824359,7831.4,DEGURBA
WB,WB_SETTLEMENT_10,2016,New Urbanising Settlement,6117488,638.36,DEGURBA
WB,WB_SETTLEMENT_11,2016,Urban Centre,4346178,2327.93,DEGURBA
WB,WB_SETTLEMENT_0,2017,Rural,485405,2427.46,DEGURBA
WB,WB_SETTLEMENT_1,2017,Urban Cluster,1359108,7836.04,DEGURBA
WB,WB_SETTLEMENT_2,2017,Rural,7743984,16292.05,DEGURBA
WB,WB_SETTLEMENT_3,2017,New Urbanising Settlement,7130053,4868.08,DEGURBA
WB,WB_SETTLEMENT_4,2017,Urban Cluster,5800989,1096.11,DEGURBA
WB,WB_SETTLEMENT_5,2017,New Urbanising Settlement,3484616,15090.53,DEGURBA
WB,WB_SETTLEMENT_6,2017,Urban Cluster,903477,10226.94,DEGURBA
WB,WB_SETTLEMENT_7,2017,Rural,2823353,6152.91,DEGURBA
WB,WB_SETTLEMENT_8,2017,New Urbanising Settlement,1726894,17837.7,DEGURBA
WB,WB_SETTLEMENT_9,2017,Rural,309707,13099.57,DEGURBA
WB,WB_SETTLEMENT_10,2017,Rural,774155,15814.63,DEGURBA
WB,WB_SETTLEMENT_11,2017,Rural,6967106,16103.2,DEGURBA
WB,WB_SETTLEMENT_0,2018,Rural,4216964,17930.18,DEGURBA
WB,WB_SETTLEMENT_1,2018,Rural,4597328,19468.7,DEGURBA
WB,WB_SETTLEMENT_2,2018,New Urbanising Settlement,4232655,4059.56,DEGURBA
WB,WB_SETTLEMENT_3,2018,New Urbanising Settlement,4273978,1687.54,DEGURBA
WB,WB_SETTLEMENT_4,2018,Rural,6651583,2492.99,DEGURBA
WB,WB_SETTLEMENT_5,2018,Urban Cluster,4564287,6907.33,DEGURBA
WB,WB_SETTLEMENT_6,2018,New Urbanising Settlement,4267287,11512.11,DEGURBA
WB,WB_SETTLEMENT_7,2018,New Urbanising Settlement,3649092,11314.62,DEGURBA
WB,WB_SETTLEMENT_8,2018,Rural,2805449,17654.04,DEGURBA
WB,WB_SETTLEMENT_9,2018,Urban Cluster,6295834,6053.55,DEGURBA
WB,WB_SETTLEMENT_10,2018,Rural,4896035,879.77,DEGURBA
WB,WB_SETTLEMENT_11,2018,Urban Cluster,2690255,4529.67,DEGURBA
WB,WB_SETTLEMENT_0,2019,Urban Centre,3225794,5862.02,DEGURBA
WB,WB_SETTLEMENT_1,2019,Urban Cluster,5821672,19313.9,DEGURBA
WB,WB_SETTLEMENT_2,2019,Rural,5281950,6791.48,DEGURBA
WB,WB_SETTLEMENT_3,2019,Rural,6244655,4173.34,DEGURBA
WB,WB_SETTLEMENT_4,2019,Urban Centre,2837015,5936.36,DEGURBA
WB,WB_SETTLEMENT_5,2019,Urban Cluster,6513078,11374.47,DEGURBA
WB,WB_SETTLEMENT_6,2019,New Urbanising Settlement,2625201,18967.47,DEGURBA
WB,WB_SETTLEMENT_7,2019,New Urbanising Settlement,5827299,12369.98,DEGURBA
WB,WB_SETTLEMENT_8,2019,Urban Cluster,3326590,13032.01,DEGURBA
WB,WB_SETTLEMENT_9,2019,Urban Cluster,6488520,18938.78,DEGURBA
WB,WB_SETTLEMENT_10,2019,Urban Centre,6393748,642.11,DEGURBA
WB,WB_SETTLEMENT_11,2019,Urban Cluster,3102250,12790.76,DEGURBA
WB,WB_SETTLEMENT_0,2020,New Urbanising Settlement,4454049,12132.16,DEGURBA
WB,WB_SETTLEMENT_1,2020,New Urbanising Settlement,1575113,17712.26,DEGURBA
WB,WB_SETTLEMENT_2,2020,Urban Centre,1836422,11592.48,DEGURBA
WB,WB_SETTLEMENT_3,2020,Urban Cluster,5943129,19741.07,DEGURBA
WB,WB_SETTLEMENT_4,2020,Rural,2875884,2544.73,DEGURBA
WB,WB_SETTLEMENT_5,2020,Urban Cluster,3017823,19576.21,DEGURBA
WB,WB_SETTLEMENT_6,2020,New Urbanising Settlement,226692,8747.8,DEGURBA
WB,WB_SETTLEMENT_7,2020,New Urbanising Settlement,4931754,15575.33,DEGURBA
WB,WB_SETTLEMENT_8,2020,New Urbanising Settlement,4073521,13977.4,DEGURBA
WB,WB_SETTLEMENT_9,2020,Rural,6314401,19268.67,DEGURBA
WB,WB_SETTLEMENT_10,2020,Urban Cluster,4125196,12211.12,DEGURBA
WB,WB_SETTLEMENT_11,2020,Urban Centre,3495366,13967.1,DEGURBA
WB,WB_SETTLEMENT_0,2021,Rural,3203896,5836.78,DEGURBA
WB,WB_SETTLEMENT_1,2021,New Urbanising Settlement,7376804,16656.74,DEGURBA
WB,WB_SETTLEMENT_2,2021,Urban Centre,7702801,6803.62,DEGURBA
WB,WB_SETTLEMENT_3,2021,Urban Cluster,2604392,18128.13,DEGURBA
WB,WB_SETTLEMENT_4,2021,Urban Cluster,7558975,19553.23,DEGURBA
WB,WB_SETTLEMENT_5,2021,Urban Centre,3709918,12051.97,DEGURBA
WB,WB_SETTLEMENT_6,2021,Urban Centre,40571,19984.61,DEGURBA
WB,WB_SETTLEMENT_7,2021,Urban Centre,2975741,13206.84,DEGURBA
WB,WB_SETTLEMENT_8,2021,Rural,6877947,1836.57,DEGURBA
WB,WB_SETTLEMENT_9,2021,Urban Cluster,4271953,4487.14,DEGURBA
WB,WB_SETTLEMENT_10,2021,Urban Cluster,6583592,17878.85,DEGURBA
WB,WB_SETTLEMENT_11,2021,Urban Centre,7400480,5022.22,DEGURBA
WB,WB_SETTLEMENT_0,2022,Rural,3786332,19470.88,DEGURBA
WB,WB_SETTLEMENT_1,2022,Rural,494660,508.52,DEGURBA
WB,WB_SETTLEMENT_2,2022,New Urbanising Settlement,7611666,7496.88,DEGURBA
WB,WB_SETTLEMENT_3,2022,Rural,2199001,14311.0,DEGURBA
WB,WB_SETTLEMENT_4,2022,New Urbanising Settlement,1199215,17724.21,DEGURBA
WB,WB_SETTLEMENT_5,2022,Rural,3928890,12942.0,DEGURBA
WB,WB_SETTLEMENT_6,2022,Urban Centre,6772648,10605.77,DEGURBA
WB,WB_SETTLEMENT_7,2022,Rural,4913033,8047.6,DEGURBA
WB,WB_SETTLEMENT_8,2022,Urban Centre,5251378,4325.18,DEGURBA
WB,WB_SETTLEMENT_9,2022,Urban Cluster,2112670,15227.4,DEGURBA
WB,WB_SETTLEMENT_10,2022,Urban Centre,2102120,19558.07,DEGURBA
WB,WB_SETTLEMENT_11,2022,Urban Cluster,6693017,11865.38,DEGURBA
WB,WB_SETTLEMENT_0,2023,Rural,6549898,918.67,DEGURBA
WB,WB_SETTLEMENT_1,2023,New Urbanising Settlement,5758502,18129.74,DEGURBA
WB,WB_SETTLEMENT_2,2023,New Urbanising Settlement,7958537,8840.44,DEGURBA
WB,WB_SETTLEMENT_3,2023,Urban Centre,6198683,19452.11,DEGURBA
WB,WB_SETTLEMENT_4,2023,Urban Cluster,7499687,4839.52,DEGURBA
WB,WB_SETTLEMENT_5,2023,Urban Centre,1095857,4613.79,DEGURBA
WB,WB_SETTLEMENT_6,2023,Urban Centre,3490652,1000.83,DEGURBA
WB,WB_SETTLEMENT_7,2023,Rural,3424590,12241.23,DEGURBA
WB,WB_SETTLEMENT_8,2023,New Urbanising Settlement,3391926,13372.21,DEGURBA
WB,WB_SETTLEMENT_9,2023,New Urbanising Settlement,5437774,16157.71,DEGURBA
WB,WB_SETTLEMENT_10,2023,Urban Cluster,314495,2288.22,DEGURBA
WB,WB_SETTLEMENT_11,2023,Urban Centre,2489346,19070.74,DEGURBA
WB,WB_SETTLEMENT_0,2024,Rural,5715994,7948.76,DEGURBA
WB,WB_SETTLEMENT_1,2024,Urban Cluster,3764563,3100.12,DEGURBA
WB,WB_SETTLEMENT_2,2024,New Urbanising Settlement,6585599,5826.16,DEGURBA
WB,WB_SETTLEMENT_3,2024,Urban Centre,3106454,13485.69,DEGURBA
WB,WB_SETTLEMENT_4,2024,New Urbanising Settlement,714714,4004.43,DEGURBA
WB,WB_SETTLEMENT_5,2024,Rural,435036,1137.5,DEGURBA
WB,WB_SETTLEMENT_6,2024,Rural,4102778,7039.78,DEGURBA
WB,WB_SETTLEMENT_7,2024,New Urbanising Settlement,4044935,7454.57,DEGURBA
WB,WB_SETTLEMENT_8,2024,New Urbanising Settlement,2017785,8900.96,DEGURBA
WB,WB_SETTLEMENT_9,2024,Urban Cluster,7450779,19530.18,DEGURBA
WB,WB_SETTLEMENT_10,2024,New Urbanising Settlement,2218511,17274.36,DEGURBA
WB,WB_SETTLEMENT_11,2024,Urban Cluster,6498973,16382.43,DEGURBA
WB,WB_SETTLEMENT_0,2025,New Urbanising Settlement,3343787,8594.2,DEGURBA
WB,WB_SETTLEMENT_1,2025,New Urbanising Settlement,296280,1586.7,DEGURBA
WB,WB_SETTLEMENT_2,2025,Rural,2177744,19808.46,DEGURBA
WB,WB_SETTLEMENT_3,2025,New Urbanising Settlement,7296380,6681.44,DEGURBA
WB,WB_SETTLEMENT_4,2025,Rural,3930321,15425.88,DEGURBA
WB,WB_SETTLEMENT_5,2025,Rural,3174049,483.29,DEGURBA
WB,WB_SETTLEMENT_6,2025,Rural,6700187,17570.66,DEGURBA
WB,WB_SETTLEMENT_7,2025,Urban Centre,6973259,6045.14,DEGURBA
WB,WB_SETTLEMENT_8,2025,Urban Centre,6429311,15898.73,DEGURBA
WB,WB_SETTLEMENT_9,2025,Urban Cluster,7708063,8269.02,DEGURBA
WB,WB_SETTLEMENT_10,2025,Urban Centre,2083140,5986.09,DEGURBA
WB,WB_SETTLEMENT_11,2025,Urban Centre,4686458,2604.62,DEGURBA
OD,OD_SETTLEMENT_0,2005,Urban Centre,1045775,18362.5,DEGURBA
OD,OD_SETTLEMENT_1,2005,New Urbanising Settlement,3225571,4585.66,DEGURBA
OD,OD_SETTLEMENT_2,2005,New Urbanising Settlement,5530731,17097.37,DEGURBA
OD,OD_SETTLEMENT_3,2005,New Urbanising Settlement,1096112,5238.76,DEGURBA
OD,OD_SETTLEMENT_4,2005,Urban Cluster,4048442,10306.46,DEGURBA
OD,OD_SETTLEMENT_5,2005,Urban Centre,37286,12173.58,DEGURBA
OD,OD_SETTLEMENT_6,2005,Urban Cluster,2274273,11957.83,DEGURBA
OD,OD_SETTLEMENT_7,2005,Rural,6366182,12634.75,DEGURBA
OD,OD_SETTLEMENT_8,2005,New Urbanising Settlement,4389890,12016.41,DEGURBA
OD,OD_SETTLEMENT_9,2005,Urban Centre,4501050,9391.66,DEGURBA
OD,OD_SETTLEMENT_10,2005,Urban Cluster,7130398,8213.56,DEGURBA
OD,OD_SETTLEMENT_11,2005,New Urbanising Settlement,5671615,11950.83,DEGURBA
OD,OD_SETTLEMENT_0,2006,Urban Cluster,2217669,15780.21,DEGURBA
OD,OD_SETTLEMENT_1,2006,New Urbanising Settlement,1504406,5434.03,DEGURBA
OD,OD_SETTLEMENT_2,2006,Rural,6286847,12218.6,DEGURBA
OD,OD_SETTLEMENT_3,2006,New Urbanising Settlement,7158933,5709.05,DEGURBA
OD,OD_SETTLEMENT_4,2006,Urban Cluster,5264440,16166.55,DEGURBA
OD,OD_SETTLEMENT_5,2006,Urban Centre,1701380,14828.42,DEGURBA
OD,OD_SETTLEMENT_6,2006,New Urbanising Settlement,5070434,3048.95,DEGURBA
OD,OD_SETTLEMENT_7,2006,Urban Centre,2532501,17257.67,DEGURBA
OD,OD_SETTLEMENT_8,2006,New Urbanising Settlement,6345187,13690.1,DEGURBA
OD,OD_SETTLEMENT_9,2006,Rural,3527167,7464.06,DEGURBA
OD,OD_SETTLEMENT_10,2006,New Urbanising Settlement,7447294,13419.6,DEGURBA
OD,OD_SETTLEMENT_11,2006,Urban Cluster,7311110,8852.53,DEGURBA
OD,OD_SETTLEMENT_0,2007,Rural,4601235,5560.69,DEGURBA
OD,OD_SETTLEMENT_1,2007,Rural,3378598,6007.23,DEGURBA
OD,OD_SETTLEMENT_2,2007,Urban Centre,3374811,994.55,DEGURBA
OD,OD_SETTLEMENT_3,2007,Urban Cluster,307114,14401.98,DEGURBA
OD,OD_SETTLEMENT_4,2007,New Urbanising Settlement,961222,4465.13,DEGURBA
OD,OD_SETTLEMENT_5,2007,Rural,3505176,16697.18,DEGURBA
OD,OD_SETTLEMENT_6,2007,Urban Cluster,3871769,5198.89,DEGURBA
OD,OD_SETTLEMENT_7,2007,Rural,6519267,18992.82,DEGURBA
OD,OD_SETTLEMENT_8,2007,Rural,5579158,271.36,DEGURBA
OD,OD_SETTLEMENT_9,2007,Urban Cluster,2936568,14045.64,DEGURBA
OD,OD_SETTLEMENT_10,2007,Rural,3122312,19701.1,DEGURBA
OD,OD_SETTLEMENT_11,2007,Rural,538384,10115.43,DEGURBA
OD,OD_SETTLEMENT_0,2008,Urban Cluster,3882433,17993.72,DEGURBA
OD,OD_SETTLEMENT_1,2008,Rural,6519028,5858.22,DEGURBA
OD,OD_SETTLEMENT_2,2008,New Urbanising Settlement,2794475,15230.56,DEGURBA
OD,OD_SETTLEMENT_3,2008,Urban Cluster,7067180,8892.24,DEGURBA
OD,OD_SETTLEMENT_4,2008,Rural,3345470,14734.33,DEGURBA
OD,OD_SETTLEMENT_5,2008,Urban Cluster,2009268,9530.95,DEGURBA
OD,OD_SETTLEMENT_6,2008,Urban Cluster,4876936,6942.9,DEGURBA
OD,OD_SETTLEMENT_7,2008,Rural,2268386,7885.78,DEGURBA
OD,OD_SETTLEMENT_8,2008,Urban Centre,3340304,4253.85,DEGURBA
OD,OD_SETTLEMENT_9,2008,New Urbanising Settlement,2163553,18478.77,DEGURBA
OD,OD_SETTLEMENT_10,2008,Urban Centre,2057598,14538.35,DEGURBA
OD,OD_SETTLEMENT_11,2008,Rural,918878,12051.24,DEGURBA
OD,OD_SETTLEMENT_0,2009,Rural,6200200,3084.96,DEGURBA
OD,OD_SETTLEMENT_1,2009,Rural,3965690,18828.97,DEGURBA
OD,OD_SETTLEMENT_2,2009,New Urbanising Settlement,2606715,1734.02,DEGURBA
OD,OD_SETTLEMENT_3,2009,Urban Centre,1067189,4811.39,DEGURBA
OD,OD_SETTLEMENT_4,2009,Urban Cluster,5266545,17508.57,DEGURBA
OD,OD_SETTLEMENT_5,2009,Rural,1411554,12109.5,DEGURBA
OD,OD_SETTLEMENT_6,2009,Urban Cluster,1525492,3977.85,DEGURBA
OD,OD_SETTLEMENT_7,2009,New Urbanising Settlement,4957922,18821.69,DEGURBA
OD,OD_SETTLEMENT_8,2009,Urban Centre,6067858,2815.81,DEGURBA
OD,OD_SETTLEMENT_9,2009,Rural,3305070,18761.32,DEGURBA
OD,OD_SETTLEMENT_10,2009,Urban Cluster,332461,6801.71,DEGURBA
OD,OD_SETTLEMENT_11,2009,Urban Cluster,258154,7029.81,DEGURBA
OD,OD_SETTLEMENT_0,2010,Rural,743880,5588.67,DEGURBA
OD,OD_SETTLEMENT_1,2010,Urban Cluster,5208572,6903.18,DEGURBA
OD,OD_SETTLEMENT_2,2010,Rural,644327,11413.85,DEGURBA
OD,OD_SETTLEMENT_3,2010,New Urbanising Settlement,3559339,1423.33,DEGURBA
OD,OD_SETTLEMENT_4,2010,Urban Cluster,5840870,5473.98,DEGURBA
OD,OD_SETTLEMENT_5,2010,New Urbanising Settlement,7312563,7325.99,DEGURBA
OD,OD_SETTLEMENT_6,2010,New Urbanising Settlement,7574971,1021.53,DEGURBA
OD,OD_SETTLEMENT_7,2010,Rural,1478097,3741.8,DEGURBA
OD,OD_SETTLEMENT_8,2010,Rural,2984979,16969.94,DEGURBA
OD,OD_SETTLEMENT_9,2010,Rural,6372220,11640.27,DEGURBA
OD,OD_SETTLEMENT_10,2010,Rural,5688477,8090.06,DEGURBA
OD,OD_SETTLEMENT_11,2010,Urban Cluster,2918491,4737.86,DEGURBA
OD,OD_SETTLEMENT_0,2011,New Urbanising Settlement,2582935,16524.71,DEGURBA
OD,OD_SETTLEMENT_1,2011,Rural,3548499,4634.18,DEGURBA
OD,OD_SETTLEMENT_2,2011,Rural,108748,9820.78,DEGURBA
OD,OD_SETTLEMENT_3,2011,Urban Centre,6223537,4379.63,DEGURBA
OD,OD_SETTLEMENT_4,2011,Rural,1197775,15715.43,DEGURBA
OD,OD_SETTLEMENT_5,2011,Urban Cluster,2940817,11257.29,DEGURBA
OD,OD_SETTLEMENT_6,2011,Urban Cluster,1004951,7356.41,DEGURBA
OD,OD_SETTLEMENT_7,2011,Urban Cluster,4384138,6736.53,DEGURBA
OD,OD_SETTLEMENT_8,2011,Urban Centre,3883555,5046.63,DEGURBA
OD,OD_SETTLEMENT_9,2011,New Urbanising Settlement,5772619,7319.87,DEGURBA
OD,OD_SETTLEMENT_10,2011,Rural,5392338,2906.46,DEGURBA
OD,OD_SETTLEMENT_11,2011,New Urbanising Settlement,3858373,9385.86,DEGURBA
OD,OD_SETTLEMENT_0,2012,Rural,4829308,8775.27,DEGURBA
OD,OD_SETTLEMENT_1,2012,Urban Cluster,7571318,19778.31,DEGURBA
OD,OD_SETTLEMENT_2,2012,New Urbanising Settlement,4469361,15419.54,DEGURBA
OD,OD_SETTLEMENT_3,2012,Rural,3736077,8389.84,DEGURBA
OD,OD_SETTLEMENT_4,2012,Urban Centre,4312692,17099.92,DEGURBA
OD,OD_SETTLEMENT_5,2012,Urban Cluster,6709139,17323.07,DEGURBA
OD,OD_SETTLEMENT_6,2012,Urban Centre,793276,13131.07,DEGURBA
OD,OD_SETTLEMENT_7,2012,New Urbanising Settlement,7035629,7856.96,DEGURBA
OD,OD_SETTLEMENT_8,2012,New Urbanising Settlement,548737,9702.35,DEGURBA
OD,OD_SETTLEMENT_9,2012,New Urbanising Settlement,7232564,3483.43,DEGURBA
OD,OD_SETTLEMENT_10,2012,New Urbanising Settlement,7192222,3993.75,DEGURBA
OD,OD_SETTLEMENT_11,2012,New Urbanising Settlement,7890639,5789.76,DEGURBA
OD,OD_SETTLEMENT_0,2013,Rural,3813785,4512.93,DEGURBA
OD,OD_SETTLEMENT_1,2013,Urban Centre,5538759,4935.03,DEGURBA
OD,OD_SETTLEMENT_2,2013,New Urbanising Settlement,4338386,15527.78,DEGURBA
OD,OD_SETTLEMENT_3,2013,Urban Centre,832159,16686.79,DEGURBA
OD,OD_SETTLEMENT_4,2013,Rural,384854,5213.36,DEGURBA
OD,OD_SETTLEMENT_5,2013,Rural,103782,17313.76,DEGURBA
OD,OD_SETTLEMENT_6,2013,Urban Centre,2736480,9259.44,DEGURBA
OD,OD_SETTLEMENT_7,2013,Urban Centre,5598357,17654.61,DEGURBA
OD,OD_SETTLEMENT_8,2013,Urban Cluster,705408,6051.08,DEGURBA
OD,OD_SETTLEMENT_9,2013,Urban Cluster,489188,17653.7,DEGURBA
OD,OD_SETTLEMENT_10,2013,Urban Centre,4954971,13254.18,DEGURBA
OD,OD_SETTLEMENT_11,2013,Rural,3064044,978.1,DEGURBA
OD,OD_SETTLEMENT_0,2014,Urban Cluster,1242693,13842.05,DEGURBA
OD,OD_SETTLEMENT_1,2014,New Urbanising Settlement,6095400,16908.41,DEGURBA
OD,OD_SETTLEMENT_2,2014,Urban Centre,4288163,4911.14,DEGURBA
OD,OD_SETTLEMENT_3,2014,New Urbanising Settlement,3129545,13377.15,DEGURBA
OD,OD_SETTLEMENT_4,2014,Urban Centre,141063,16893.89,DEGURBA
OD,OD_SETTLEMENT_5,2014,Rural,5868817,15858.95,DEGURBA
OD,OD_SETTLEMENT_6,2014,New Urbanising Settlement,6413516,15791.64,DEGURBA
OD,OD_SETTLEMENT_7,2014,New Urbanising Settlement,2190211,2515.52,DEGURBA
OD,OD_SETTLEMENT_8,2014,New Urbanising Settlement,5201611,4823.17,DEGURBA
OD,OD_SETTLEMENT_9,2014,New Urbanising Settlement,4095223,2383.68,DEGURBA
OD,OD_SETTLEMENT_10,2014,Urban Cluster,7706067,17651.68,DEGURBA
OD,OD_SETTLEMENT_11,2014,New Urbanising Settlement,928727,17108.13,DEGURBA
OD,OD_SETTLEMENT_0,2015,Urban Cluster,621726,1562.95,DEGURBA
OD,OD_SETTLEMENT_1,2015,Urban Cluster,367986,15709.0,DEGURBA
OD,OD_SETTLEMENT_2,2015,Rural,2792036,13307.78,DEGURBA
OD,OD_SETTLEMENT_3,2015,Urban Centre,5733776,18020.27,DEGURBA
OD,OD_SETTLEMENT_4,2015,New Urbanising Settlement,5616337,19029.55,DEGURBA
OD,OD_SETTLEMENT_5,2015,Urban Centre,260519,1004.02,DEGURBA
OD,OD_SETTLEMENT_6,2015,Urban Centre,2317511,1787.8,DEGURBA
OD,OD_SETTLEMENT_7,2015,Urban Cluster,4878329,13069.42,DEGURBA
OD,OD_SETTLEMENT_8,2015,Urban Centre,4561085,5240.63,DEGURBA
OD,OD_SETTLEMENT_9,2015,Urban Cluster,5227948,10521.48,DEGURBA
OD,OD_SETTLEMENT_10,2015,Urban Centre,1248631,6276.49,DEGURBA
OD,OD_SETTLEMENT_11,2015,Urban Cluster,5213911,15036.58,DEGURBA
OD,OD_SETTLEMENT_0,2016,Urban Centre,349705,3403.82,DEGURBA
OD,OD_SETTLEMENT_1,2016,New Urbanising Settlement,1086784,19507.01,DEGURBA
OD,OD_SETTLEMENT_2,2016,Rural,4892675,3593.01,DEGURBA
OD,OD_SETTLEMENT_3,2016,Urban Cluster,6865846,10660.81,DEGURBA
OD,OD_SETTLEMENT_4,2016,Rural,2534742,3157.36,DEGURBA
OD,OD_SETTLEMENT_5,2016,Rural,1289055,18269.83,DEGURBA
OD,OD_SETTLEMENT_6,2016,New Urbanising Settlement,5041317,5915.47,DEGURBA
OD,OD_SETTLEMENT_7,2016,Urban Cluster,4397858,11723.78,DEGURBA
OD,OD_SETTLEMENT_8,2016,Urban Cluster,4174251,4277.78,DEGURBA
OD,OD_SETTLEMENT_9,2016,Urban Cluster,2737052,13345.02,DEGURBA
OD,OD_SETTLEMENT_10,2016,Urban Centre,6973014,6801.68,DEGURBA
OD,OD_SETTLEMENT_11,2016,Urban Cluster,2152709,15040.01,DEGURBA
OD,OD_SETTLEMENT_0,2017,Rural,7925759,1440.91,DEGURBA
OD,OD_SETTLEMENT_1,2017,Urban Cluster,3468168,647.91,DEGURBA
OD,OD_SETTLEMENT_2,2017,Rural,5617751,15572.08,DEGURBA
OD,OD_SETTLEMENT_3,2017,Rural,5516482,878.85,DEGURBA
OD,OD_SETTLEMENT_4,2017,Rural,5399062,18385.34,DEGURBA
OD,OD_SETTLEMENT_5,2017,Urban Cluster,6684648,9745.25,DEGURBA
OD,OD_SETTLEMENT_6,2017,Urban Cluster,1126291,11326.69,DEGURBA
OD,OD_SETTLEMENT_7,2017,Urban Centre,7675676,15501.57,DEGURBA
OD,OD_SETTLEMENT_8,2017,Rural,5719443,13734.9,DEGURBA
OD,OD_SETTLEMENT_9,2017,Urban Cluster,1774033,2832.45,DEGURBA
OD,OD_SETTLEMENT_10,2017,Urban Cluster,818422,1101.4,DEGURBA
OD,OD_SETTLEMENT_11,2017,New Urbanising Settlement,983999,15920.56,DEGURBA
OD,OD_SETTLEMENT_0,2018,Rural,5211379,11584.11,DEGURBA
OD,OD_SETTLEMENT_1,2018,Rural,7024435,6924.98,DEGURBA
OD,OD_SETTLEMENT_2,2018,Rural,1103463,6422.55,DEGURBA
OD,OD_SETTLEMENT_3,2018,Urban Centre,6120951,3400.48,DEGURBA
OD,OD_SETTLEMENT_4,2018,Urban Cluster,3728586,12004.69,DEGURBA
OD,OD_SETTLEMENT_5,2018,Rural,2455876,12266.28,DEGURBA
OD,OD_SETTLEMENT_6,2018,New Urbanising Settlement,3213705,13521.26,DEGURBA
OD,OD_SETTLEMENT_7,2018,Urban Centre,3432678,14424.17,DEGURBA
OD,OD_SETTLEMENT_8,2018,Urban Centre,2610325,4649.69,DEGURBA
OD,OD_SETTLEMENT_9,2018,Urban Cluster,6900624,4629.77,DEGURBA
OD,OD_SETTLEMENT_10,2018,New Urbanising Settlement,2904770,17724.28,DEGURBA
OD,OD_SETTLEMENT_11,2018,Urban Cluster,6103928,1592.55,DEGURBA
OD,OD_SETTLEMENT_0,2019,Rural,7316972,14893.0,DEGURBA
OD,OD_SETTLEMENT_1,2019,Rural,6130473,15464.13,DEGURBA
OD,OD_SETTLEMENT_2,2019,Urban Cluster,1768672,1895.76,DEGURBA
OD,OD_SETTLEMENT_3,2019,Urban Centre,4491454,8206.65,DEGURBA
OD,OD_SETTLEMENT_4,2019,Urban Centre,942998,19321.53,DEGURBA
OD,OD_SETTLEMENT_5,2019,New Urbanising Settlement,6824191,3400.01,DEGURBA
OD,OD_SETTLEMENT_6,2019,Urban Centre,4891223,18480.42,DEGURBA
OD,OD_SETTLEMENT_7,2019,Urban Cluster,1559794,4074.49,DEGURBA
OD,OD_SETTLEMENT_8,2019,New Urbanising Settlement,3860727,5195.65,DEGURBA
OD,OD_SETTLEMENT_9,2019,Urban Cluster,6708231,3351.35,DEGURBA
OD,OD_SETTLEMENT_10,2019,Urban Centre,3928236,7269.3,DEGURBA
OD,OD_SETTLEMENT_11,2019,Urban Cluster,3635417,16881.32,DEGURBA
OD,OD_SETTLEMENT_0,2020,New Urbanising Settlement,7155736,6030.96,DEGURBA
OD,OD_SETTLEMENT_1,2020,Urban Centre,3346708,6564.7,DEGURBA
OD,OD_SETTLEMENT_2,2020,Urban Cluster,7805477,12220.32,DEGURBA
OD,OD_SETTLEMENT_3,2020,Rural,2372217,2053.24,DEGURBA
OD,OD_SETTLEMENT_4,2020,Urban Cluster,1777376,4261.66,DEGURBA
OD,OD_SETTLEMENT_5,2020,Urban Cluster,3190433,18680.77,DEGURBA
OD,OD_SETTLEMENT_6,2020,Urban Centre,5525807,7708.43,DEGURBA
OD,OD_SETTLEMENT_7,2020,Rural,3819859,18885.0,DEGURBA
OD,OD_SETTLEMENT_8,2020,Urban Centre,4544812,13755.0,DEGURBA
OD,OD_SETTLEMENT_9,2020,Rural,5793104,12090.82,DEGURBA
OD,OD_SETTLEMENT_10,2020,Rural,7372052,7946.12,DEGURBA
OD,OD_SETTLEMENT_11,2020,New Urbanising Settlement,1006992,7152.53,DEGURBA
OD,OD_SETTLEMENT_0,2021,Urban Centre,4318939,2045.59,DEGURBA
OD,OD_SETTLEMENT_1,2021,Rural,5610081,7148.88,DEGURBA
OD,OD_SETTLEMENT_2,2021,Urban Centre,5843485,2558.07,DEGURBA
OD,OD_SETTLEMENT_3,2021,Urban Cluster,7446298,16788.75,DEGURBA
OD,OD_SETTLEMENT_4,2021,Urban Centre,5748142,6114.28,DEGURBA
OD,OD_SETTLEMENT_5,2021,Urban Cluster,6060839,13973.43,DEGURBA
OD,OD_SETTLEMENT_6,2021,Urban Cluster,4240887,12970.65,DEGURBA
OD,OD_SETTLEMENT_7,2021,Urban Centre,4661888,4323.7,DEGURBA
OD,OD_SETTLEMENT_8,2021,Urban Centre,3193770,16260.13,DEGURBA
OD,OD_SETTLEMENT_9,2021,Urban Cluster,1130180,9839.22,DEGURBA
OD,OD_SETTLEMENT_10,2021,Urban Centre,5246352,3528.52,DEGURBA
OD,OD_SETTLEMENT_11,2021,Urban Centre,3154928,10854.32,DEGURBA
OD,OD_SETTLEMENT_0,2022,Urban Cluster,510765,6338.0,DEGURBA
OD,OD_SETTLEMENT_1,2022,Rural,4835069,17003.86,DEGURBA
OD,OD_SETTLEMENT_2,2022,Rural,6622944,9308.24,DEGURBA
OD,OD_SETTLEMENT_3,2022,New Urbanising Settlement,6366844,7660.0,DEGURBA
OD,OD_SETTLEMENT_4,2022,New Urbanising Settlement,3874807,8141.17,DEGURBA
OD,OD_SETTLEMENT_5,2022,Urban Centre,5458763,5885.46,DEGURBA
OD,OD_SETTLEMENT_6,2022,Rural,2173287,3191.78,DEGURBA
OD,OD_SETTLEMENT_7,2022,Urban Cluster,5619368,2673.1,DEGURBA
OD,OD_SETTLEMENT_8,2022,Urban Cluster,3217228,985.29,DEGURBA
OD,OD_SETTLEMENT_9,2022,Urban Centre,2937807,8134.56,DEGURBA
OD,OD_SETTLEMENT_10,2022,New Urbanising Settlement,5487763,10965.19,DEGURBA
OD,OD_SETTLEMENT_11,2022,Rural,1722092,10556.22,DEGURBA
OD,OD_SETTLEMENT_0,2023,Urban Centre,7978027,6460.33,DEGURBA
OD,OD_SETTLEMENT_1,2023,Urban Centre,6442169,11003.69,DEGURBA
OD,OD_SETTLEMENT_2,2023,New Urbanising Settlement,4035424,18957.3,DEGURBA
OD,OD_SETTLEMENT_3,2023,Urban Cluster,2928235,19655.24,DEGURBA
OD,OD_SETTLEMENT_4,2023,Rural,4762499,7688.81,DEGURBA
OD,OD_SETTLEMENT_5,2023,New Urbanising Settlement,7603732,13333.69,DEGURBA
OD,OD_SETTLEMENT_6,2023,Urban Centre,584224,12608.96,DEGURBA
OD,OD_SETTLEMENT_7,2023,New Urbanising Settlement,3873838,6716.25,DEGURBA
OD,OD_SETTLEMENT_8,2023,Urban Cluster,3082060,18144.25,DEGURBA
OD,OD_SETTLEMENT_9,2023,Urban Cluster,3724341,19631.92,DEGURBA
OD,OD_SETTLEMENT_10,2023,New Urbanising Settlement,4872286,9080.61,DEGURBA
OD,OD_SETTLEMENT_11,2023,Rural,3498605,18030.21,DEGURBA
OD,OD_SETTLEMENT_0,2024,Urban Cluster,6549300,5256.87,DEGURBA
OD,OD_SETTLEMENT_1,2024,Urban Cluster,3236430,10423.06,DEGURBA
OD,OD_SETTLEMENT_2,2024,Urban Centre,5261647,14926.5,DEGURBA
OD,OD_SETTLEMENT_3,2024,Rural,1491162,8217.37,DEGURBA
OD,OD_SETTLEMENT_4,2024,Rural,5871595,9457.89,DEGURBA
OD,OD_SETTLEMENT_5,2024,Urban Cluster,5432116,6969.25,DEGURBA
OD,OD_SETTLEMENT_6,2024,Rural,2084014,291.51,DEGURBA
OD,OD_SETTLEMENT_7,2024,Urban Cluster,5729315,9051.95,DEGURBA
OD,OD_SETTLEMENT_8,2024,Urban Cluster,6512233,10969.32,DEGURBA
OD,OD_SETTLEMENT_9,2024,Urban Cluster,1409475,15445.37,DEGURBA
OD,OD_SETTLEMENT_10,2024,Rural,4826193,5549.85,DEGURBA
OD,OD_SETTLEMENT_11,2024,Rural,4536029,6830.53,DEGURBA
OD,OD_SETTLEMENT_0,2025,New Urbanising Settlement,1619085,9160.58,DEGURBA
OD,OD_SETTLEMENT_1,2025,Urban Centre,2127270,5356.62,DEGURBA
OD,OD_SETTLEMENT_2,2025,Urban Cluster,6423133,17375.22,DEGURBA
OD,OD_SETTLEMENT_3,2025,Urban Cluster,7796212,15320.93,DEGURBA
OD,OD_SETTLEMENT_4,2025,Rural,4289466,12951.98,DEGURBA
OD,OD_SETTLEMENT_5,2025,Rural,7550496,6372.93,DEGURBA
OD,OD_SETTLEMENT_6,2025,Urban Centre,5299742,8185.54,DEGURBA
OD,OD_SETTLEMENT_7,2025,Urban Centre,35796,17928.16,DEGURBA
OD,OD_SETTLEMENT_8,2025,Rural,7777140,5985.18,DEGURBA
OD,OD_SETTLEMENT_9,2025,Urban Centre,7308524,10215.47,DEGURBA
OD,OD_SETTLEMENT_10,2025,New Urbanising Settlement,4194982,11621.03,DEGURBA
OD,OD_SETTLEMENT_11,2025,Urban Centre,3743350,16883.93,DEGURBA
PB,PB_SETTLEMENT_0,2005,Urban Centre,563549,17344.27,DEGURBA
PB,PB_SETTLEMENT_1,2005,Urban Cluster,3865851,9054.89,DEGURBA
PB,PB_SETTLEMENT_2,2005,Rural,3864970,2589.33,DEGURBA
PB,PB_SETTLEMENT_3,2005,Urban Centre,7273023,16551.34,DEGURBA
PB,PB_SETTLEMENT_4,2005,New Urbanising Settlement,6691698,9632.02,DEGURBA
PB,PB_SETTLEMENT_5,2005,Rural,1626750,6663.34,DEGURBA
PB,PB_SETTLEMENT_6,2005,Urban Cluster,4567509,8205.47,DEGURBA
PB,PB_SETTLEMENT_7,2005,Urban Cluster,3571223,3810.47,DEGURBA
PB,PB_SETTLEMENT_8,2005,Urban Centre,4788792,368.72,DEGURBA
PB,PB_SETTLEMENT_9,2005,Rural,3138948,11826.4,DEGURBA
PB,PB_SETTLEMENT_10,2005,New Urbanising Settlement,6514639,18132.55,DEGURBA
PB,PB_SETTLEMENT_11,2005,Rural,4742597,4319.07,DEGURBA
PB,PB_SETTLEMENT_0,2006,Urban Centre,5988336,15940.48,DEGURBA
PB,PB_SETTLEMENT_1,2006,Urban Centre,483706,10209.3,DEGURBA
PB,PB_SETTLEMENT_2,2006,Rural,136777,2251.06,DEGURBA
PB,PB_SETTLEMENT_3,2006,Rural,1024620,5437.44,DEGURBA
PB,PB_SETTLEMENT_4,2006,Urban Centre,2515520,11867.27,DEGURBA
PB,PB_SETTLEMENT_5,2006,Rural,990359,13658.09,DEGURBA
PB,PB_SETTLEMENT_6,2006,Urban Cluster,1315929,2377.13,DEGURBA
PB,PB_SETTLEMENT_7,2006,Urban Cluster,2023039,13529.47,DEGURBA
PB,PB_SETTLEMENT_8,2006,Urban Centre,7600937,7611.94,DEGURBA
PB,PB_SETTLEMENT_9,2006,Urban Cluster,5219906,14208.86,DEGURBA
PB,PB_SETTLEMENT_10,2006,Urban Cluster,5020948,2691.21,DEGURBA
PB,PB_SETTLEMENT_11,2006,Urban Centre,6947959,9799.95,DEGURBA
PB,PB_SETTLEMENT_0,2007,Urban Cluster,5676471,15828.97,DEGURBA
PB,PB_SETTLEMENT_1,2007,Rural,7166605,4259.38,DEGURBA
PB,PB_SETTLEMENT_2,2007,Urban Cluster,3431845,7585.11,DEGURBA
PB,PB_SETTLEMENT_3,2007,New Urbanising Settlement,514365,17366.48,DEGURBA
PB,PB_SETTLEMENT_4,2007,New Urbanising Settlement,2201169,1872.55,DEGURBA
PB,PB_SETTLEMENT_5,2007,New Urbanising Settlement,4452284,13572.92,DEGURBA
PB,PB_SETTLEMENT_6,2007,New Urbanising Settlement,5410257,506.12,DEGURBA
PB,PB_SETTLEMENT_7,2007,New Urbanising Settlement,789512,5148.83,DEGURBA
PB,PB_SETTLEMENT_8,2007,Urban Centre,7559830,9413.19,DEGURBA
PB,PB_SETTLEMENT_9,2007,Urban Cluster,7967289,15825.14,DEGURBA
PB,PB_SETTLEMENT_10,2007,Rural,4245712,16938.17,DEGURBA
PB,PB_SETTLEMENT_11,2007,New Urbanising Settlement,1014424,915.13,DEGURBA
PB,PB_SETTLEMENT_0,2008,New Urbanising Settlement,606946,6966.51,DEGURBA
PB,PB_SETTLEMENT_1,2008,Urban Cluster,7174006,13806.72,DEGURBA
PB,PB_SETTLEMENT_2,2008,Urban Cluster,2190982,6579.08,DEGURBA
PB,PB_SETTLEMENT_3,2008,Urban Centre,2972029,10770.25,DEGURBA
PB,PB_SETTLEMENT_4,2008,Urban Cluster,4228409,4217.53,DEGURBA
PB,PB_SETTLEMENT_5,2008,Urban Centre,518875,19942.08,DEGURBA
PB,PB_SETTLEMENT_6,2008,Urban Cluster,7958772,18822.51,DEGURBA
PB,PB_SETTLEMENT_7,2008,New Urbanising Settlement,3374384,4568.14,DEGURBA
PB,PB_SETTLEMENT_8,2008,New Urbanising Settlement,992647,4641.19,DEGURBA
PB,PB_SETTLEMENT_9,2008,Rural,2144123,12296.85,DEGURBA
PB,PB_SETTLEMENT_10,2008,Rural,7875562,19395.28,DEGURBA
PB,PB_SETTLEMENT_11,2008,Urban Centre,7999334,8735.49,DEGURBA
PB,PB_SETTLEMENT_0,2009,Rural,5483968,8729.8,DEGURBA
PB,PB_SETTLEMENT_1,2009,New Urbanising Settlement,4737529,6846.57,DEGURBA
PB,PB_SETTLEMENT_2,2009,New Urbanising Settlement,6570943,19029.84,DEGURBA
PB,PB_SETTLEMENT_3,2009,New Urbanising Settlement,1511632,13615.79,DEGURBA
PB,PB_SETTLEMENT_4,2009,New Urbanising Settlement,7245092,9589.55,DEGURBA
PB,PB_SETTLEMENT_5,2009,Rural,870936,4970.01,DEGURBA
PB,PB_SETTLEMENT_6,2009,Urban Centre,5207458,13579.06,DEGURBA
PB,PB_SETTLEMENT_7,2009,Urban Centre,3711779,5799.27,DEGURBA
PB,PB_SETTLEMENT_8,2009,New Urbanising Settlement,570972,2677.56,DEGURBA
PB,PB_SETTLEMENT_9,2009,Rural,3306370,14839.28,DEGURBA
PB,PB_SETTLEMENT_10,2009,New Urbanising Settlement,5635244,6133.38,DEGURBA
PB,PB_SETTLEMENT_11,2009,Urban Centre,580343,8599.57,DEGURBA
PB,PB_SETTLEMENT_0,2010,New Urbanising Settlement,6251479,8716.98,DEGURBA
PB,PB_SETTLEMENT_1,2010,Rural,5965445,1558.41,DEGURBA
PB,PB_SETTLEMENT_2,2010,Rural,5064129,19254.32,DEGURBA
PB,PB_SETTLEMENT_3,2010,New Urbanising Settlement,4279760,17834.68,DEGURBA
PB,PB_SETTLEMENT_4,2010,Rural,2034613,3952.46,DEGURBA
PB,PB_SETTLEMENT_5,2010,New Urbanising Settlement,7494053,1596.35,DEGURBA
PB,PB_SETTLEMENT_6,2010,New Urbanising Settlement,343531,703.1,DEGURBA
PB,PB_SETTLEMENT_7,2010,Urban Centre,7215795,13905.88,DEGURBA
PB,PB_SETTLEMENT_8,2010,Urban Cluster,5729250,17771.79,DEGURBA
PB,PB_SETTLEMENT_9,2010,New Urbanising Settlement,1718261,18940.89,DEGURBA
PB,PB_SETTLEMENT_10,2010,Urban Centre,3411936,2853.56,DEGURBA
PB,PB_SETTLEMENT_11,2010,Rural,5245831,15822.68,DEGURBA
PB,PB_SETTLEMENT_0,2011,Urban Cluster,6175968,12439.06,DEGURBA
PB,PB_SETTLEMENT_1,2011,New Urbanising Settlement,118094,13383.74,DEGURBA
PB,PB_SETTLEMENT_2,2011,Rural,3238325,9265.91,DEGURBA
PB,PB_SETTLEMENT_3,2011,Urban Centre,1862462,2276.45,DEGURBA
PB,PB_SETTLEMENT_4,2011,Urban Cluster,718926,15052.09,DEGURBA
PB,PB_SETTLEMENT_5,2011,New Urbanising Settlement,954511,6778.33,DEGURBA
PB,PB_SETTLEMENT_6,2011,Urban Cluster,6309202,19162.53,DEGURBA
PB,PB_SETTLEMENT_7,2011,Urban Centre,3416973,2248.89,DEGURBA
PB,PB_SETTLEMENT_8,2011,Urban Cluster,2203635,13031.36,DEGURBA
PB,PB_SETTLEMENT_9,2011,Rural,231218,6780.34,DEGURBA
PB,PB_SETTLEMENT_10,2011,New Urbanising Settlement,3653838,9381.55,DEGURBA
PB,PB_SETTLEMENT_11,2011,New Urbanising Settlement,6973031,13405.06,DEGURBA
PB,PB_SETTLEMENT_0,2012,New Urbanising Settlement,932580,18297.16,DEGURBA
PB,PB_SETTLEMENT_1,2012,Urban Cluster,4365625,10236.3,DEGURBA
PB,PB_SETTLEMENT_2,2012,Urban Centre,6250429,16751.56,DEGURBA
PB,PB_SETTLEMENT_3,2012,New Urbanising Settlement,470802,3325.35,DEGURBA
PB,PB_SETTLEMENT_4,2012,Rural,4735006,19667.23,DEGURBA
PB,PB_SETTLEMENT_5,2012,New Urbanising Settlement,3798954,11374.69,DEGURBA
PB,PB_SETTLEMENT_6,2012,Rural,2725964,15456.83,DEGURBA
PB,PB_SETTLEMENT_7,2012,Urban Cluster,4172510,7908.76,DEGURBA
PB,PB_SETTLEMENT_8,2012,Urban Cluster,3529177,10412.88,DEGURBA
PB,PB_SETTLEMENT_9,2012,New Urbanising Settlement,6890892,9911.11,DEGURBA
PB,PB_SETTLEMENT_10,2012,Rural,3110472,16309.75,DEGURBA
PB,PB_SETTLEMENT_11,2012,New Urbanising Settlement,4597473,12655.34,DEGURBA
PB,PB_SETTLEMENT_0,2013,New Urbanising Settlement,5569145,19418.29,DEGURBA
PB,PB_SETTLEMENT_1,2013,Urban Centre,411464,18905.66,DEGURBA
PB,PB_SETTLEMENT_2,2013,Urban Centre,3903837,6808.74,DEGURBA
PB,PB_SETTLEMENT_3,2013,New Urbanising Settlement,1757212,3167.13,DEGURBA
PB,PB_SETTLEMENT_4,2013,Urban Cluster,2269238,10247.99,DEGURBA
PB,PB_SETTLEMENT_5,2013,Urban Cluster,2017813,6868.5,DEGURBA
PB,PB_SETTLEMENT_6,2013,Urban Cluster,7884814,9760.93,DEGURBA
PB,PB_SETTLEMENT_7,2013,Rural,5827837,10186.58,DEGURBA
PB,PB_SETTLEMENT_8,2013,New Urbanising Settlement,3007824,816.18,DEGURBA
PB,PB_SETTLEMENT_9,2013,Urban Centre,6334897,13508.25,DEGURBA
PB,PB_SETTLEMENT_10,2013,Urban Cluster,2201251,2999.23,DEGURBA
PB,PB_SETTLEMENT_11,2013,New Urbanising Settlement,6572090,11349.61,DEGURBA
PB,PB_SETTLEMENT_0,2014,Urban Cluster,4751436,8474.86,DEGURBA
PB,PB_SETTLEMENT_1,2014,Urban Centre,3610052,6436.45,DEGURBA
PB,PB_SETTLEMENT_2,2014,Urban Centre,7505654,371.85,DEGURBA
PB,PB_SETTLEMENT_3,2014,Urban Cluster,1663789,6749.01,DEGURBA
PB,PB_SETTLEMENT_4,2014,New Urbanising Settlement,2345967,12556.07,DEGURBA
PB,PB_SETTLEMENT_5,2014,Urban Centre,2869048,12134.7,DEGURBA
PB,PB_SETTLEMENT_6,2014,Urban Cluster,3847848,10546.88,DEGURBA
PB,PB_SETTLEMENT_7,2014,New Urbanising Settlement,608747,7521.01,DEGURBA
PB,PB_SETTLEMENT_8,2014,Urban Centre,2471902,7832.58,DEGURBA
PB,PB_SETTLEMENT_9,2014,New Urbanising Settlement,4991058,11921.06,DEGURBA
PB,PB_SETTLEMENT_10,2014,Rural,4370251,7632.43,DEGURBA
PB,PB_SETTLEMENT_11,2014,Urban Cluster,2906718,16274.24,DEGURBA
PB,PB_SETTLEMENT_0,2015,New Urbanising Settlement,5342145,18052.67,DEGURBA
PB,PB_SETTLEMENT_1,2015,Rural,3239111,18054.04,DEGURBA
PB,PB_SETTLEMENT_2,2015,Urban Centre,2320399,6875.96,DEGURBA
PB,PB_SETTLEMENT_3,2015,Urban Centre,1296364,18132.53,DEGURBA
PB,PB_SETTLEMENT_4,2015,Urban Cluster,2390495,15318.76,DEGURBA
PB,PB_SETTLEMENT_5,2015,New Urbanising Settlement,6965653,3362.23,DEGURBA
PB,PB_SETTLEMENT_6,2015,New Urbanising Settlement,5151565,9733.8,DEGURBA
PB,PB_SETTLEMENT_7,2015,Urban Centre,6786477,15642.44,DEGURBA
PB,PB_SETTLEMENT_8,2015,New Urbanising Settlement,1917696,14388.13,DEGURBA
PB,PB_SETTLEMENT_9,2015,New Urbanising Settlement,1199607,1199.28,DEGURBA
PB,PB_SETTLEMENT_10,2015,Urban Centre,442474,17898.4,DEGURBA
PB,PB_SETTLEMENT_11,2015,Urban Centre,7872455,2320.99,DEGURBA
PB,PB_SETTLEMENT_0,2016,Urban Cluster,3084316,16740.81,DEGURBA
PB,PB_SETTLEMENT_1,2016,Urban Centre,1716567,5495.08,DEGURBA
PB,PB_SETTLEMENT_2,2016,Urban Centre,1416897,19641.6,DEGURBA
PB,PB_SETTLEMENT_3,2016,Rural,4864938,15590.89,DEGURBA
PB,PB_SETTLEMENT_4,2016,Rural,6874211,13294.59,DEGURBA
PB,PB_SETTLEMENT_5,2016,Urban Centre,2488716,19846.89,DEGURBA
PB,PB_SETTLEMENT_6,2016,Urban Centre,4885222,12848.4,DEGURBA
PB,PB_SETTLEMENT_7,2016,Urban Centre,1490737,219.11,DEGURBA
PB,PB_SETTLEMENT_8,2016,Rural,7968303,7311.35,DEGURBA
PB,PB_SETTLEMENT_9,2016,Urban Cluster,940209,3072.25,DEGURBA
PB,PB_SETTLEMENT_10,2016,New Urbanising Settlement,5689806,17442.62,DEGURBA
PB,PB_SETTLEMENT_11,2016,Urban Centre,4461981,10850.71,DEGURBA
PB,PB_SETTLEMENT_0,2017,Rural,7625901,11245.95,DEGURBA
PB,PB_SETTLEMENT_1,2017,Rural,2194686,11600.22,DEGURBA
PB,PB_SETTLEMENT_2,2017,New Urbanising Settlement,1673487,19210.12,DEGURBA
PB,PB_SETTLEMENT_3,2017,Urban Cluster,7411803,16955.4,DEGURBA
PB,PB_SETTLEMENT_4,2017,Rural,4296823,8874.39,DEGURBA
PB,PB_SETTLEMENT_5,2017,Urban Cluster,3043460,5718.82,DEGURBA
PB,PB_SETTLEMENT_6,2017,New Urbanising Settlement,1629937,12050.56,DEGURBA
PB,PB_SETTLEMENT_7,2017,Urban Centre,7703133,12801.42,DEGURBA
PB,PB_SETTLEMENT_8,2017,Urban Centre,192920,6453.46,DEGURBA
PB,PB_SETTLEMENT_9,2017,Urban Centre,2070988,2830.66,DEGURBA
PB,PB_SETTLEMENT_10,2017,New Urbanising Settlement,1943359,1034.13,DEGURBA
PB,PB_SETTLEMENT_11,2017,New Urbanising Settlement,6359015,5018.99,DEGURBA
PB,PB_SETTLEMENT_0,2018,Urban Cluster,298236,5059.13,DEGURBA
PB,PB_SETTLEMENT_1,2018,Urban Centre,2452120,1409.92,DEGURBA
PB,PB_SETTLEMENT_2,2018,Urban Centre,3920461,18279.55,DEGURBA
PB,PB_SETTLEMENT_3,2018,Urban Centre,7461102,6247.66,DEGURBA
PB,PB_SETTLEMENT_4,2018,Urban Centre,5337856,6727.0,DEGURBA
PB,PB_SETTLEMENT_5,2018,Rural,4774948,19882.31,DEGURBA
PB,PB_SETTLEMENT_6,2018,Rural,4682359,11592.7,DEGURBA
PB,PB_SETTLEMENT_7,2018,Urban Centre,5615092,11678.64,DEGURBA
PB,PB_SETTLEMENT_8,2018,New Urbanising Settlement,3569324,821.44,DEGURBA
PB,PB_SETTLEMENT_9,2018,Rural,6090474,15547.13,DEGURBA
PB,PB_SETTLEMENT_10,2018,Rural,5397922,12165.5,DEGURBA
PB,PB_SETTLEMENT_11,2018,Rural,7132995,14831.55,DEGURBA
PB,PB_SETTLEMENT_0,2019,Urban Cluster,5212187,10312.92,DEGURBA
PB,PB_SETTLEMENT_1,2019,Urban Cluster,2731727,9265.58,DEGURBA
PB,PB_SETTLEMENT_2,2019,Rural,6844337,19242.68,DEGURBA
PB,PB_SETTLEMENT_3,2019,Urban Centre,6617586,11302.41,DEGURBA
PB,PB_SETTLEMENT_4,2019,Urban Centre,7187959,4966.09,DEGURBA
PB,PB_SETTLEMENT_5,2019,Urban Centre,2508950,14587.41,DEGURBA
PB,PB_SETTLEMENT_6,2019,New Urbanising Settlement,244027,464.09,DEGURBA
PB,PB_SETTLEMENT_7,2019,Rural,2539312,11715.44,DEGURBA
PB,PB_SETTLEMENT_8,2019,Urban Centre,4435819,5814.6,DEGURBA
PB,PB_SETTLEMENT_9,2019,Urban Centre,2304963,2924.79,DEGURBA
PB,PB_SETTLEMENT_10,2019,Rural,4301622,16009.9,DEGURBA
PB,PB_SETTLEMENT_11,2019,Urban Centre,2475654,6330.11,DEGURBA
PB,PB_SETTLEMENT_0,2020,Urban Cluster,1985498,9828.16,DEGURBA
PB,PB_SETTLEMENT_1,2020,Rural,2870548,8076.03,DEGURBA
PB,PB_SETTLEMENT_2,2020,Rural,5334875,3670.3,DEGURBA
PB,PB_SETTLEMENT_3,2020,Rural,4810188,19304.9,DEGURBA
PB,PB_SETTLEMENT_4,2020,Rural,3916872,6852.14,DEGURBA
PB,PB_SETTLEMENT_5,2020,Urban Cluster,2598699,9709.72,DEGURBA
PB,PB_SETTLEMENT_6,2020,Rural,6362194,8162.03,DEGURBA
PB,PB_SETTLEMENT_7,2020,New Urbanising Settlement,1199455,2477.24,DEGURBA
PB,PB_SETTLEMENT_8,2020,Urban Cluster,267322,3869.02,DEGURBA
PB,PB_SETTLEMENT_9,2020,Urban Cluster,1834326,3335.42,DEGURBA
PB,PB_SETTLEMENT_10,2020,Urban Centre,2975525,13800.36,DEGURBA
PB,PB_SETTLEMENT_11,2020,Urban Centre,4431663,15523.19,DEGURBA
PB,PB_SETTLEMENT_0,2021,Rural,6930658,5567.68,DEGURBA
PB,PB_SETTLEMENT_1,2021,Rural,7736270,18583.68,DEGURBA
PB,PB_SETTLEMENT_2,2021,Rural,7442523,13685.97,DEGURBA
PB,PB_SETTLEMENT_3,2021,Urban Centre,3409202,10795.58,DEGURBA
PB,PB_SETTLEMENT_4,2021,Urban Cluster,4648233,14062.57,DEGURBA
PB,PB_SETTLEMENT_5,2021,New Urbanising Settlement,730704,866.15,DEGURBA
PB,PB_SETTLEMENT_6,2021,Urban Cluster,3347299,1743.41,DEGURBA
PB,PB_SETTLEMENT_7,2021,Rural,7112540,2899.81,DEGURBA
PB,PB_SETTLEMENT_8,2021,Rural,2679932,6628.44,DEGURBA
PB,PB_SETTLEMENT_9,2021,Urban Cluster,6132843,4470.13,DEGURBA
PB,PB_SETTLEMENT_10,2021,Urban Cluster,3901001,11805.78,DEGURBA
PB,PB_SETTLEMENT_11,2021,Urban Centre,3535311,11577.01,DEGURBA
PB,PB_SETTLEMENT_0,2022,Urban Centre,92743,3583.23,DEGURBA
PB,PB_SETTLEMENT_1,2022,Urban Cluster,1626467,14566.19,DEGURBA
PB,PB_SETTLEMENT_2,2022,New Urbanising Settlement,1709449,14134.86,DEGURBA
PB,PB_SETTLEMENT_3,2022,Urban Centre,3690507,6282.73,DEGURBA
PB,PB_SETTLEMENT_4,2022,Urban Centre,5836347,16830.1,DEGURBA
PB,PB_SETTLEMENT_5,2022,Rural,1981952,5938.74,DEGURBA
PB,PB_SETTLEMENT_6,2022,Urban Cluster,4734950,3385.92,DEGURBA
PB,PB_SETTLEMENT_7,2022,New Urbanising Settlement,5197203,431.71,DEGURBA
PB,PB_SETTLEMENT_8,2022,Urban Cluster,2951252,18685.86,DEGURBA
PB,PB_SETTLEMENT_9,2022,Rural,2002055,7337.1,DEGURBA
PB,PB_SETTLEMENT_10,2022,Urban Centre,3440978,11321.53,DEGURBA
PB,PB_SETTLEMENT_11,2022,New Urbanising Settlement,3733454,3411.2,DEGURBA
PB,PB_SETTLEMENT_0,2023,Urban Centre,7263419,11361.53,DEGURBA
PB,PB_SETTLEMENT_1,2023,New Urbanising Settlement,3729050,13346.94,DEGURBA
PB,PB_SETTLEMENT_2,2023,Urban Centre,1133298,2556.73,DEGURBA
PB,PB_SETTLEMENT_3,2023,Urban Centre,1968169,9425.8,DEGURBA
PB,PB_SETTLEMENT_4,2023,Rural,2909040,1022.4,DEGURBA
PB,PB_SETTLEMENT_5,2023,Urban Centre,4588382,15238.62,DEGURBA
PB,PB_SETTLEMENT_6,2023,Rural,3640999,2131.46,DEGURBA
PB,PB_SETTLEMENT_7,2023,Urban Cluster,2957589,5415.38,DEGURBA
PB,PB_SETTLEMENT_8,2023,Urban Centre,5808587,18682.15,DEGURBA
PB,PB_SETTLEMENT_9,2023,Urban Cluster,6471557,7433.85,DEGURBA
PB,PB_SETTLEMENT_10,2023,Rural,7541642,19208.36,DEGURBA
PB,PB_SETTLEMENT_11,2023,New Urbanising Settlement,2475294,11493.76,DEGURBA
PB,PB_SETTLEMENT_0,2024,Rural,3390191,5207.8,DEGURBA
PB,PB_SETTLEMENT_1,2024,New Urbanising Settlement,2546899,763.73,DEGURBA
PB,PB_SETTLEMENT_2,2024,New Urbanising Settlement,3050023,11966.6,DEGURBA
PB,PB_SETTLEMENT_3,2024,Urban Centre,3867525,3484.92,DEGURBA
PB,PB_SETTLEMENT_4,2024,Urban Centre,4448640,6380.35,DEGURBA
PB,PB_SETTLEMENT_5,2024,New Urbanising Settlement,3156986,1371.29,DEGURBA
PB,PB_SETTLEMENT_6,2024,Rural,2139758,17676.9,DEGURBA
PB,PB_SETTLEMENT_7,2024,Urban Cluster,4682233,9427.48,DEGURBA
PB,PB_SETTLEMENT_8,2024,Urban Centre,4116050,4997.07,DEGURBA
PB,PB_SETTLEMENT_9,2024,New Urbanising Settlement,1654382,16495.42,DEGURBA
PB,PB_SETTLEMENT_10,2024,Urban Cluster,7403054,15591.72,DEGURBA
PB,PB_SETTLEMENT_11,2024,Urban Centre,3371854,17317.25,DEGURBA
PB,PB_SETTLEMENT_0,2025,Urban Cluster,7474654,6701.22,DEGURBA
PB,PB_SETTLEMENT_1,2025,Urban Cluster,5101145,9392.41,DEGURBA
PB,PB_SETTLEMENT_2,2025,New Urbanising Settlement,5468529,17703.26,DEGURBA
PB,PB_SETTLEMENT_3,2025,New Urbanising Settlement,703645,11608.2,DEGURBA
PB,PB_SETTLEMENT_4,2025,Urban Centre,3656815,10396.76,DEGURBA
PB,PB_SETTLEMENT_5,2025,Urban Cluster,2408382,19821.81,DEGURBA
PB,PB_SETTLEMENT_6,2025,Urban Centre,3312553,15079.85,DEGURBA
PB,PB_SETTLEMENT_7,2025,Urban Cluster,3088651,3074.24,DEGURBA
PB,PB_SETTLEMENT_8,2025,New Urbanising Settlement,7018500,9857.62,DEGURBA
PB,PB_SETTLEMENT_9,2025,Urban Centre,6709674,8006.57,DEGURBA
PB,PB_SETTLEMENT_10,2025,Rural,6005266,1939.57,DEGURBA
PB,PB_SETTLEMENT_11,2025,Rural,7339546,19462.58,DEGURBA
HR,HR_SETTLEMENT_0,2005,Urban Cluster,4743283,10070.11,DEGURBA
HR,HR_SETTLEMENT_1,2005,Urban Cluster,6926095,12749.01,DEGURBA
HR,HR_SETTLEMENT_2,2005,Urban Centre,4650140,13108.27,DEGURBA
HR,HR_SETTLEMENT_3,2005,Urban Centre,4443940,11064.73,DEGURBA
HR,HR_SETTLEMENT_4,2005,Urban Cluster,1292897,4309.1,DEGURBA
HR,HR_SETTLEMENT_5,2005,Rural,4433012,5669.12,DEGURBA
HR,HR_SETTLEMENT_6,2005,New Urbanising Settlement,1756545,12204.07,DEGURBA
HR,HR_SETTLEMENT_7,2005,Urban Centre,594522,6054.04,DEGURBA
HR,HR_SETTLEMENT_8,2005,New Urbanising Settlement,1212513,14925.38,DEGURBA
HR,HR_SETTLEMENT_9,2005,New Urbanising Settlement,6499290,454.14,DEGURBA
HR,HR_SETTLEMENT_10,2005,Urban Cluster,7263894,6876.32,DEGURBA
HR,HR_SETTLEMENT_11,2005,Urban Centre,7632706,6857.27,DEGURBA
HR,HR_SETTLEMENT_0,2006,Urban Centre,906839,10501.53,DEGURBA
HR,HR_SETTLEMENT_1,2006,New Urbanising Settlement,778621,15036.68,DEGURBA
HR,HR_SETTLEMENT_2,2006,New Urbanising Settlement,582823,5757.79,DEGURBA
HR,HR_SETTLEMENT_3,2006,Urban Centre,7695449,5892.9,DEGURBA
HR,HR_SETTLEMENT_4,2006,New Urbanising Settlement,3980703,15105.08,DEGURBA
HR,HR_SETTLEMENT_5,2006,New Urbanising Settlement,6513874,3181.49,DEGURBA
HR,HR_SETTLEMENT_6,2006,New Urbanising Settlement,4777348,16541.71,DEGURBA
HR,HR_SETTLEMENT_7,2006,Urban Cluster,2569717,13359.62,DEGURBA
HR,HR_SETTLEMENT_8,2006,Urban Centre,7002439,15771.58,DEGURBA
HR,HR_SETTLEMENT_9,2006,Rural,4658129,9839.49,DEGURBA
HR,HR_SETTLEMENT_10,2006,Urban Cluster,6749418,14186.93,DEGURBA
HR,HR_SETTLEMENT_11,2006,Urban Cluster,7178447,15382.15,DEGURBA
HR,HR_SETTLEMENT_0,2007,Urban Cluster,7599568,10091.27,DEGURBA
HR,HR_SETTLEMENT_1,2007,Urban Cluster,1313803,7001.95,DEGURBA
HR,HR_SETTLEMENT_2,2007,Urban Cluster,5223356,11746.6,DEGURBA
HR,HR_SETTLEMENT_3,2007,New Urbanising Settlement,2986075,13223.6,DEGURBA
HR,HR_SETTLEMENT_4,2007,New Urbanising Settlement,533878,8005.32,DEGURBA
HR,HR_SETTLEMENT_5,2007,New Urbanising Settlement,1216624,14234.36,DEGURBA
HR,HR_SETTLEMENT_6,2007,Urban Centre,38430,12574.74,DEGURBA
HR,HR_SETTLEMENT_7,2007,New Urbanising Settlement,1105815,5115.2,DEGURBA
HR,HR_SETTLEMENT_8,2007,Urban Centre,4601997,468.53,DEGURBA
HR,HR_SETTLEMENT_9,2007,Rural,2277429,3341.82,DEGURBA
HR,HR_SETTLEMENT_10,2007,Urban Cluster,5610861,6278.24,DEGURBA
HR,HR_SETTLEMENT_11,2007,New Urbanising Settlement,6801135,15888.57,DEGURBA
HR,HR_SETTLEMENT_0,2008,Urban Cluster,6037230,7040.6,DEGURBA
HR,HR_SETTLEMENT_1,2008,New Urbanising Settlement,7195324,18065.45,DEGURBA
HR,HR_SETTLEMENT_2,2008,Urban Cluster,5878983,1422.64,DEGURBA
HR,HR_SETTLEMENT_3,2008,New Urbanising Settlement,2383395,11414.51,DEGURBA
HR,HR_SETTLEMENT_4,2008,Urban Cluster,306577,6600.38,DEGURBA
HR,HR_SETTLEMENT_5,2008,Urban Cluster,665492,15014.18,DEGURBA
HR,HR_SETTLEMENT_6,2008,New Urbanising Settlement,590179,11387.54,DEGURBA
HR,HR_SETTLEMENT_7,2008,Rural,1695159,3684.03,DEGURBA
HR,HR_SETTLEMENT_8,2008,Urban Cluster,845281,4295.41,DEGURBA
HR,HR_SETTLEMENT_9,2008,Urban Cluster,4434314,568.5,DEGURBA
HR,HR_SETTLEMENT_10,2008,Urban Cluster,1005609,10448.46,DEGURBA
HR,HR_SETTLEMENT_11,2008,Urban Cluster,1731761,17774.26,DEGURBA
HR,HR_SETTLEMENT_0,2009,Urban Cluster,4606189,19967.42,DEGURBA
HR,HR_SETTLEMENT_1,2009,Urban Cluster,2724416,1939.78,DEGURBA
HR,HR_SETTLEMENT_2,2009,Urban Centre,6006192,5531.96,DEGURBA
HR,HR_SETTLEMENT_3,2009,New Urbanising Settlement,7735858,17279.55,DEGURBA
HR,HR_SETTLEMENT_4,2009,Rural,6372561,18321.82,DEGURBA
HR,HR_SETTLEMENT_5,2009,Urban Cluster,2047312,13011.99,DEGURBA
HR,HR_SETTLEMENT_6,2009,New Urbanising Settlement,7444453,3289.07,DEGURBA
HR,HR_SETTLEMENT_7,2009,Urban Cluster,4237486,2368.22,DEGURBA
HR,HR_SETTLEMENT_8,2009,Urban Cluster,6927790,11703.49,DEGURBA
HR,HR_SETTLEMENT_9,2009,Rural,4789116,14412.8,DEGURBA
HR,HR_SETTLEMENT_10,2009,Urban Cluster,3531814,11573.67,DEGURBA
HR,HR_SETTLEMENT_11,2009,Rural,2788788,9609.32,DEGURBA
HR,HR_SETTLEMENT_0,2010,Rural,5636217,8693.11,DEGURBA
HR,HR_SETTLEMENT_1,2010,Urban Cluster,6346780,19118.5,DEGURBA
HR,HR_SETTLEMENT_2,2010,Rural,3590256,18281.72,DEGURBA
HR,HR_SETTLEMENT_3,2010,New Urbanising Settlement,6448586,12825.54,DEGURBA
HR,HR_SETTLEMENT_4,2010,Urban Centre,1320741,8750.21,DEGURBA
HR,HR_SETTLEMENT_5,2010,Rural,7980133,19604.42,DEGURBA
HR,HR_SETTLEMENT_6,2010,Urban Cluster,2470696,18975.42,DEGURBA
HR,HR_SETTLEMENT_7,2010,Urban Centre,1125412,19038.0,DEGURBA
HR,HR_SETTLEMENT_8,2010,Urban Centre,7088250,19222.97,DEGURBA
HR,HR_SETTLEMENT_9,2010,Rural,665959,2746.12,DEGURBA
HR,HR_SETTLEMENT_10,2010,Urban Centre,2106410,5012.65,DEGURBA
HR,HR_SETTLEMENT_11,2010,Urban Centre,1614920,16095.43,DEGURBA
HR,HR_SETTLEMENT_0,2011,Urban Centre,3319627,14589.63,DEGURBA
HR,HR_SETTLEMENT_1,2011,Urban Centre,7970224,2964.81,DEGURBA
HR,HR_SETTLEMENT_2,2011,Urban Centre,4742384,14885.21,DEGURBA
HR,HR_SETTLEMENT_3,2011,Urban Centre,6420574,4614.34,DEGURBA
HR,HR_SETTLEMENT_4,2011,Urban Centre,2915576,1627.83,DEGURBA
HR,HR_SETTLEMENT_5,2011,Urban Cluster,213345,3165.41,DEGURBA
HR,HR_SETTLEMENT_6,2011,New Urbanising Settlement,2188278,3992.21,DEGURBA
HR,HR_SETTLEMENT_7,2011,Urban Centre,7083632,2473.0,DEGURBA
HR,HR_SETTLEMENT_8,2011,Urban Cluster,1568678,12068.79,DEGURBA
HR,HR_SETTLEMENT_9,2011,Rural,3994109,17373.5,DEGURBA
HR,HR_SETTLEMENT_10,2011,New Urbanising Settlement,5585146,18370.34,DEGURBA
HR,HR_SETTLEMENT_11,2011,Rural,6787182,14308.79,DEGURBA
HR,HR_SETTLEMENT_0,2012,New Urbanising Settlement,905797,18298.54,DEGURBA
HR,HR_SETTLEMENT_1,2012,Urban Cluster,3760663,3500.92,DEGURBA
HR,HR_SETTLEMENT_2,2012,Urban Cluster,465108,17957.18,DEGURBA
HR,HR_SETTLEMENT_3,2012,Urban Centre,1212108,19258.55,DEGURBA
HR,HR_SETTLEMENT_4,2012,Rural,1622313,7475.7,DEGURBA
HR,HR_SETTLEMENT_5,2012,Urban Cluster,2940118,4806.85,DEGURBA
HR,HR_SETTLEMENT_6,2012,Urban Cluster,7380596,10843.28,DEGURBA
HR,HR_SETTLEMENT_7,2012,New Urbanising Settlement,2818658,5282.42,DEGURBA
HR,HR_SETTLEMENT_8,2012,Rural,2308007,14324.95,DEGURBA
HR,HR_SETTLEMENT_9,2012,Urban Cluster,3828322,4561.27,DEGURBA
HR,HR_SETTLEMENT_10,2012,Rural,2114388,1551.34,DEGURBA
HR,HR_SETTLEMENT_11,2012,Urban Centre,6427694,6030.46,DEGURBA
HR,HR_SETTLEMENT_0,2013,Urban Centre,2641673,10052.88,DEGURBA
HR,HR_SETTLEMENT_1,2013,Urban Centre,4410620,5091.88,DEGURBA
HR,HR_SETTLEMENT_2,2013,Urban Centre,2736199,17018.35,DEGURBA
HR,HR_SETTLEMENT_3,2013,Urban Cluster,1528275,14974.67,DEGURBA
HR,HR_SETTLEMENT_4,2013,New Urbanising Settlement,6004676,15014.24,DEGURBA
HR,HR_SETTLEMENT_5,2013,New Urbanising Settlement,863418,19636.44,DEGURBA
HR,HR_SETTLEMENT_6,2013,Urban Centre,4653801,7477.01,DEGURBA
HR,HR_SETTLEMENT_7,2013,Urban Centre,864035,5282.48,DEGURBA
HR,HR_SETTLEMENT_8,2013,Urban Cluster,5091807,5604.51,DEGURBA
HR,HR_SETTLEMENT_9,2013,New Urbanising Settlement,7843480,4119.41,DEGURBA
HR,HR_SETTLEMENT_10,2013,Urban Centre,3242813,14411.01,DEGURBA
HR,HR_SETTLEMENT_11,2013,Rural,6523805,18748.09,DEGURBA
HR,HR_SETTLEMENT_0,2014,New Urbanising Settlement,6937729,1244.94,DEGURBA
HR,HR_SETTLEMENT_1,2014,Urban Centre,1933282,2379.89,DEGURBA
HR,HR_SETTLEMENT_2,2014,New Urbanising Settlement,3597081,15631.44,DEGURBA
HR,HR_SETTLEMENT_3,2014,Rural,1038201,19047.3,DEGURBA
HR,HR_SETTLEMENT_4,2014,Urban Centre,1864168,13925.55,DEGURBA
HR,HR_SETTLEMENT_5,2014,Rural,5403516,18510.42,DEGURBA
HR,HR_SETTLEMENT_6,2014,Urban Centre,1105132,18116.95,DEGURBA
HR,HR_SETTLEMENT_7,2014,Rural,5691519,2777.24,DEGURBA
HR,HR_SETTLEMENT_8,2014,Urban Centre,5099160,249.41,DEGURBA
HR,HR_SETTLEMENT_9,2014,Urban Cluster,1391007,5393.77,DEGURBA
HR,HR_SETTLEMENT_10,2014,Rural,318224,16035.3,DEGURBA
HR,HR_SETTLEMENT_11,2014,Rural,370861,15286.37,DEGURBA
HR,HR_SETTLEMENT_0,2015,Rural,2669322,3583.9,DEGURBA
HR,HR_SETTLEMENT_1,2015,New Urbanising Settlement,3875376,12087.02,DEGURBA
HR,HR_SETTLEMENT_2,2015,Urban Centre,7266814,4133.48,DEGURBA
HR,HR_SETTLEMENT_3,2015,Rural,3974366,2640.28,DEGURBA
HR,HR_SETTLEMENT_4,2015,Urban Centre,5616860,824.88,DEGURBA
HR,HR_SETTLEMENT_5,2015,Urban Centre,2649149,4130.87,DEGURBA
HR,HR_SETTLEMENT_6,2015,New Urbanising Settlement,7084121,11624.04,DEGURBA
HR,HR_SETTLEMENT_7,2015,New Urbanising Settlement,7658626,12128.57,DEGURBA
HR,HR_SETTLEMENT_8,2015,Rural,2444621,1148.38,DEGURBA
HR,HR_SETTLEMENT_9,2015,Rural,6347441,8010.65,DEGURBA
HR,HR_SETTLEMENT_10,2015,New Urbanising Settlement,1462355,3686.71,DEGURBA
HR,HR_SETTLEMENT_11,2015,Rural,2161183,2389.99,DEGURBA
HR,HR_SETTLEMENT_0,2016,Urban Centre,3021864,10976.04,DEGURBA
HR,HR_SETTLEMENT_1,2016,Rural,4814554,9396.63,DEGURBA
HR,HR_SETTLEMENT_2,2016,Urban Centre,7627250,14578.82,DEGURBA
HR,HR_SETTLEMENT_3,2016,Rural,431207,17228.99,DEGURBA
HR,HR_SETTLEMENT_4,2016,New Urbanising Settlement,7469323,16044.96,DEGURBA
HR,HR_SETTLEMENT_5,2016,Urban Centre,5354698,6828.37,DEGURBA
HR,HR_SETTLEMENT_6,2016,New Urbanising Settlement,3641793,15635.9,DEGURBA
HR,HR_SETTLEMENT_7,2016,Rural,224888,7557.31,DEGURBA
HR,HR_SETTLEMENT_8,2016,New Urbanising Settlement,2158588,15447.7,DEGURBA
HR,HR_SETTLEMENT_9,2016,New Urbanising Settlement,3552822,19920.29,DEGURBA
HR,HR_SETTLEMENT_10,2016,New Urbanising Settlement,7710315,18028.91,DEGURBA
HR,HR_SETTLEMENT_11,2016,Urban Centre,1829154,14254.04,DEGURBA
HR,HR_SETTLEMENT_0,2017,Urban Centre,6374577,3668.92,DEGURBA
HR,HR_SETTLEMENT_1,2017,Urban Centre,6157495,2474.15,DEGURBA
HR,HR_SETTLEMENT_2,2017,Rural,1697789,12425.24,DEGURBA
HR,HR_SETTLEMENT_3,2017,New Urbanising Settlement,6131358,4424.76,DEGURBA
HR,HR_SETTLEMENT_4,2017,Rural,7956652,17293.46,DEGURBA
HR,HR_SETTLEMENT_5,2017,Urban Centre,7300313,580.37,DEGURBA
HR,HR_SETTLEMENT_6,2017,Urban Cluster,6845145,1259.26,DEGURBA
HR,HR_SETTLEMENT_7,2017,Rural,2097894,12270.48,DEGURBA
HR,HR_SETTLEMENT_8,2017,New Urbanising Settlement,1315142,15624.43,DEGURBA
HR,HR_SETTLEMENT_9,2017,New Urbanising Settlement,3357999,19957.77,DEGURBA
HR,HR_SETTLEMENT_10,2017,Urban Centre,2762647,19648.62,DEGURBA
HR,HR_SETTLEMENT_11,2017,Urban Cluster,353097,17072.35,DEGURBA
HR,HR_SETTLEMENT_0,2018,Rural,7571642,12684.24,DEGURBA
HR,HR_SETTLEMENT_1,2018,Urban Centre,2754678,11757.19,DEGURBA
HR,HR_SETTLEMENT_2,2018,New Urbanising Settlement,3908602,12147.91,DEGURBA
HR,HR_SETTLEMENT_3,2018,Urban Centre,1615743,12262.92,DEGURBA
HR,HR_SETTLEMENT_4,2018,Urban Centre,7672889,13174.05,DEGURBA
HR,HR_SETTLEMENT_5,2018,Urban Cluster,1323146,17037.09,DEGURBA
HR,HR_SETTLEMENT_6,2018,New Urbanising Settlement,1202687,19529.57,DEGURBA
HR,HR_SETTLEMENT_7,2018,New Urbanising Settlement,4637634,19137.11,DEGURBA
HR,HR_SETTLEMENT_8,2018,Urban Cluster,7257042,14606.13,DEGURBA
HR,HR_SETTLEMENT_9,2018,Urban Centre,2120940,1171.19,DEGURBA
HR,HR_SETTLEMENT_10,2018,Urban Cluster,2491757,9895.19,DEGURBA
HR,HR_SETTLEMENT_11,2018,Urban Cluster,7491607,6395.78,DEGURBA
HR,HR_SETTLEMENT_0,2019,Rural,860446,14063.7,DEGURBA
HR,HR_SETTLEMENT_1,2019,Rural,3727648,1937.68,DEGURBA
HR,HR_SETTLEMENT_2,2019,Urban Centre,6634296,15901.65,DEGURBA
HR,HR_SETTLEMENT_3,2019,New Urbanising Settlement,1805642,7233.29,DEGURBA
HR,HR_SETTLEMENT_4,2019,Rural,602425,511.66,DEGURBA
HR,HR_SETTLEMENT_5,2019,Rural,1426414,2091.68,DEGURBA
HR,HR_SETTLEMENT_6,2019,Urban Centre,3763325,16965.99,DEGURBA
HR,HR_SETTLEMENT_7,2019,New Urbanising Settlement,1103699,12745.92,DEGURBA
HR,HR_SETTLEMENT_8,2019,Urban Cluster,4912160,16607.5,DEGURBA
HR,HR_SETTLEMENT_9,2019,Rural,4130628,10561.89,DEGURBA
HR,HR_SETTLEMENT_10,2019,Urban Cluster,7316231,16927.61,DEGURBA
HR,HR_SETTLEMENT_11,2019,Rural,3808420,14734.7,DEGURBA
HR,HR_SETTLEMENT_0,2020,New Urbanising Settlement,2459290,5562.55,DEGURBA
HR,HR_SETTLEMENT_1,2020,New Urbanising Settlement,1070928,371.89,DEGURBA
HR,HR_SETTLEMENT_2,2020,Rural,203641,17633.65,DEGURBA
HR,HR_SETTLEMENT_3,2020,New Urbanising Settlement,4181183,19409.05,DEGURBA
HR,HR_SETTLEMENT_4,2020,Urban Cluster,4000902,3349.08,DEGURBA
HR,HR_SETTLEMENT_5,2020,New Urbanising Settlement,1485996,6523.57,DEGURBA
HR,HR_SETTLEMENT_6,2020,Urban Centre,6713153,3242.88,DEGURBA
HR,HR_SETTLEMENT_7,2020,Urban Cluster,2197163,12009.13,DEGURBA
HR,HR_SETTLEMENT_8,2020,Rural,1508233,9626.61,DEGURBA
HR,HR_SETTLEMENT_9,2020,New Urbanising Settlement,1904755,11753.23,DEGURBA
HR,HR_SETTLEMENT_10,2020,New Urbanising Settlement,2728853,17705.46,DEGURBA
HR,HR_SETTLEMENT_11,2020,Urban Cluster,5004055,4267.05,DEGURBA
HR,HR_SETTLEMENT_0,2021,Rural,3306662,15080.96,DEGURBA
HR,HR_SETTLEMENT_1,2021,New Urbanising Settlement,1001442,6965.15,DEGURBA
HR,HR_SETTLEMENT_2,2021,Urban Centre,3912544,15379.03,DEGURBA
HR,HR_SETTLEMENT_3,2021,Urban Cluster,556665,16840.05,DEGURBA
HR,HR_SETTLEMENT_4,2021,New Urbanising Settlement,3077875,13597.23,DEGURBA
HR,HR_SETTLEMENT_5,2021,Urban Cluster,7934999,7329.78,DEGURBA
HR,HR_SETTLEMENT_6,2021,Rural,3561027,12171.57,DEGURBA
HR,HR_SETTLEMENT_7,2021,Rural,4502470,11173.45,DEGURBA
HR,HR_SETTLEMENT_8,2021,New Urbanising Settlement,7978088,17840.16,DEGURBA
HR,HR_SETTLEMENT_9,2021,New Urbanising Settlement,3865860,9431.87,DEGURBA
HR,HR_SETTLEMENT_10,2021,New Urbanising Settlement,2736670,1405.28,DEGURBA
HR,HR_SETTLEMENT_11,2021,New Urbanising Settlement,6260655,16430.29,DEGURBA
HR,HR_SETTLEMENT_0,2022,New Urbanising Settlement,4622437,456.15,DEGURBA
HR,HR_SETTLEMENT_1,2022,Urban Centre,2553889,6973.84,DEGURBA
HR,HR_SETTLEMENT_2,2022,Rural,3894880,19260.51,DEGURBA
HR,HR_SETTLEMENT_3,2022,Rural,2203076,6080.02,DEGURBA
HR,HR_SETTLEMENT_4,2022,Urban Centre,487216,14863.77,DEGURBA
HR,HR_SETTLEMENT_5,2022,New Urbanising Settlement,392855,7701.86,DEGURBA
HR,HR_SETTLEMENT_6,2022,Rural,5925678,19427.27,DEGURBA
HR,HR_SETTLEMENT_7,2022,New Urbanising Settlement,7824927,17941.92,DEGURBA
HR,HR_SETTLEMENT_8,2022,Urban Centre,3541605,17244.66,DEGURBA
HR,HR_SETTLEMENT_9,2022,Urban Cluster,7276719,19645.39,DEGURBA
HR,HR_SETTLEMENT_10,2022,Rural,6527409,7391.42,DEGURBA
HR,HR_SETTLEMENT_11,2022,Urban Centre,1671403,15094.71,DEGURBA
HR,HR_SETTLEMENT_0,2023,Urban Centre,6072627,6283.65,DEGURBA
HR,HR_SETTLEMENT_1,2023,Urban Centre,2758927,17326.99,DEGURBA
HR,HR_SETTLEMENT_2,2023,New Urbanising Settlement,4807961,7990.64,DEGURBA
HR,HR_SETTLEMENT_3,2023,Urban Cluster,1286448,1129.69,DEGURBA
HR,HR_SETTLEMENT_4,2023,Urban Cluster,7890436,4293.96,DEGURBA
HR,HR_SETTLEMENT_5,2023,Rural,7386506,9965.65,DEGURBA
HR,HR_SETTLEMENT_6,2023,Rural,5496548,10507.29,DEGURBA
HR,HR_SETTLEMENT_7,2023,Rural,1046750,6764.25,DEGURBA
HR,HR_SETTLEMENT_8,2023,Urban Centre,2361615,15415.93,DEGURBA
HR,HR_SETTLEMENT_9,2023,Rural,1252652,10215.65,DEGURBA
HR,HR_SETTLEMENT_10,2023,Urban Centre,4242959,18210.83,DEGURBA
HR,HR_SETTLEMENT_11,2023,Urban Centre,267459,1100.09,DEGURBA
HR,HR_SETTLEMENT_0,2024,Urban Cluster,2200986,19789.23,DEGURBA
HR,HR_SETTLEMENT_1,2024,New Urbanising Settlement,987048,19397.89,DEGURBA
HR,HR_SETTLEMENT_2,2024,Rural,3311767,9300.4,DEGURBA
HR,HR_SETTLEMENT_3,2024,Urban Centre,7453294,13219.59,DEGURBA
HR,HR_SETTLEMENT_4,2024,New Urbanising Settlement,6116475,2277.7,DEGURBA
HR,HR_SETTLEMENT_5,2024,New Urbanising Settlement,3292885,5989.13,DEGURBA
HR,HR_SETTLEMENT_6,2024,Urban Cluster,7472093,11131.12,DEGURBA
HR,HR_SETTLEMENT_7,2024,Urban Cluster,3415432,19684.38,DEGURBA
HR,HR_SETTLEMENT_8,2024,New Urbanising Settlement,6626313,8931.31,DEGURBA
HR,HR_SETTLEMENT_9,2024,Rural,5480334,5360.4,DEGURBA
HR,HR_SETTLEMENT_10,2024,New Urbanising Settlement,6973232,11278.27,DEGURBA
HR,HR_SETTLEMENT_11,2024,Rural,6299404,4075.05,DEGURBA
HR,HR_SETTLEMENT_0,2025,Urban Cluster,1443014,529.0,DEGURBA
HR,HR_SETTLEMENT_1,2025,Urban Centre,4714805,15643.28,DEGURBA
HR,HR_SETTLEMENT_2,2025,Urban Centre,1046556,7424.38,DEGURBA
HR,HR_SETTLEMENT_3,2025,Rural,5395698,7962.14,DEGURBA
HR,HR_SETTLEMENT_4,2025,Urban Centre,3506120,7233.81,DEGURBA
HR,HR_SETTLEMENT_5,2025,Rural,671699,19567.51,DEGURBA
HR,HR_SETTLEMENT_6,2025,Urban Cluster,658312,15539.36,DEGURBA
HR,HR_SETTLEMENT_7,2025,Rural,4385483,9989.76,DEGURBA
HR,HR_SETTLEMENT_8,2025,Urban Cluster,1816584,19714.38,DEGURBA
HR,HR_SETTLEMENT_9,2025,Rural,6993404,9088.84,DEGURBA
HR,HR_SETTLEMENT_10,2025,Urban Centre,3756180,10505.57,DEGURBA
HR,HR_SETTLEMENT_11,2025,Urban Centre,6117360,10556.61,DEGURBA
